"uuid","A1_Metadata","A2_Metadata","A3_Metadata","Invalid combination between C9_DisplacementStatus (short term mouvement intentions) & C10_DisplacmentStatus (long term mouvement intentions)","""I don't know or I don't want to answer"" ranked first in D1a_PriorityNeeds","The second ranked most important ""priority needs"" is equal to the one ranked first","The third ranked most important ""priority needs"" is equal to the one ranked second","The third ranked most important ""priority needs"" is equal to the one ranked first","Invalid combination between F3_WASH (type of water source) and F6_WASH (time needed to collect water)","Invalid combination between B724_SectorEmployment (type of employment) and J10_Livelihood (most important livelihood need)","Invalid combinatin between A1_Metadata (type of displacement) and B2_Demographics (nationality)","Invalid combination between L5_HummAssist (reason for dissatisfaction with aid), L6_HummAssist (satisfaction with humanitarian workers) and L7_HummAssist (knowledge that assistance should be free)","Invalid combination E5_ShelterNFICCCM (shelter with no damage) and E1d_ShelterNFICCCM (Shelter fully destroyed)","Invalid combination E5_ShelterNFICCCM (shelter with no damage) and E1d_ShelterNFICCCM (Shelter partially damaged)","Invalid combination E5_ShelterNFICCCM (shelter with no damage) and E1d_ShelterNFICCCM (Shelter minor damage)"
"38a905f2-4581-4f4845-b6b9b1-5a6c1d0b9e7f","a1_4","governorate_pcode","district_pcode",0,0,0,0,0,0,0,0,0,0,0,0
"91faebd3-c2f3-4c4240-a5ada6-d4b1ec067593","a1_5","governorate_pcode","district_pcode",0,0,0,0,0,0,0,0,0,0,0,0
"b56da384-1b5c-4c4b46-acaeaa-be8209316da7","a1_1","governorate_pcode","district_pcode",0,0,0,0,0,0,0,0,0,0,0,0
"f05d293a-56fb-47494f-a0a8a7-14c8e2a6f953","a1_1","governorate_pcode","district_pcode",0,0,0,0,0,0,0,0,0,0,0,0
"dbe48697-29ca-454e40-939097-50a2c7de438b","a1_2","governorate_pcode","district_pcode",0,0,0,0,0,0,0,1,0,0,0,0
"9840fac1-6dc2-4b404f-aca0a1-dec842f17653","a1_4","governorate_pcode","district_pcode",0,0,0,0,0,0,0,0,0,0,0,0
"bfd34a81-6b3c-4c4049-8a8c89-5f672ca914bd","a1_1","governorate_pcode","district_pcode",1,0,0,1,0,0,0,0,0,0,0,0
"9fe68adb-018e-4c4240-a6aaa8-fa5cb2870d61","a1_4","governorate_pcode","district_pcode",0,0,0,0,0,0,0,0,0,0,0,0
"a1f38c72-4865-4d4f45-93979b-96438ebca5d0","a1_4","governorate_pcode","district_pcode",0,0,0,0,0,0,0,0,0,0,0,0
"ea47d53c-f329-4e4c43-aba9a4-ecf5d2a43068","a1_1","governorate_pcode","district_pcode",0,0,0,0,0,0,0,0,0,0,0,0
"3a85f2eb-61c2-4b4740-929e9c-4e3a1697cd80","a1_2","governorate_pcode","district_pcode",0,0,0,0,0,0,0,1,0,0,0,0
"e753ca62-8f9a-414645-868b87-ea6c89f4d0b7","a1_2","governorate_pcode","district_pcode",0,0,0,0,0,0,0,1,0,0,0,0
"1a8eb92c-0456-4c4643-acaea2-92b0ea63fc7d","a1_5","governorate_pcode","district_pcode",0,0,0,0,0,0,0,0,0,0,0,0
"b0c14ef7-709f-494348-808786-68912ed730a4","a1_1","governorate_pcode","district_pcode",0,0,0,0,0,0,0,0,0,0,0,0
"42cb536f-e819-40414a-8d838b-b0c6584a2e9f","a1_5","governorate_pcode","district_pcode",0,0,0,0,0,0,0,0,0,0,0,0
"0319f58b-bf1c-4f4c47-9c9495-c64af35871ed","a1_5","governorate_pcode","district_pcode",0,0,0,0,1,0,0,0,0,1,0,0
"439861f7-c716-4f444e-a5a0ae-cad0617835ef","a1_5","governorate_pcode","district_pcode",0,0,0,0,0,0,0,0,0,0,0,0
"258073cf-b6e9-40444e-b8b0b2-04ae3cdbf672","a1_3","governorate_pcode","district_pcode",0,0,0,0,0,0,0,0,0,0,0,0
"15e94cad-5468-454346-97989d-f736c481d2ba","a1_1","governorate_pcode","district_pcode",0,0,1,0,0,0,1,0,0,0,1,0
"7fec5102-7b15-4b4149-8e8480-2fd04c9816ab","a1_3","governorate_pcode","district_pcode",0,0,0,0,0,0,0,0,0,0,0,0
"b946d0c8-f530-4f4d4e-bbbcb0-8fe29a6347b0","a1_1","governorate_pcode","district_pcode",0,0,0,0,0,0,0,0,0,0,0,0
"2b7dce95-31ce-4d4f44-959992-bf942807ce16","a1_2","governorate_pcode","district_pcode",0,0,0,0,0,0,0,1,0,0,0,0
"e28539b4-758b-444048-8f8d83-a4cf95d17086","a1_4","governorate_pcode","district_pcode",0,0,0,0,0,0,0,0,0,0,0,0
"2d091e36-805c-404745-a6a0ac-2e36d741bac5","a1_1","governorate_pcode","district_pcode",1,0,0,0,1,0,0,0,0,0,1,0
"9dbfc1a3-845f-40464c-94969a-750f64cb8ae3","a1_3","governorate_pcode","district_pcode",0,0,0,1,0,0,0,0,0,0,0,0
"f41dc59e-0ebc-474b45-999396-b4a6c7d03e52","a1_1","governorate_pcode","district_pcode",0,0,0,0,0,0,0,0,0,0,0,0
"c83f769d-a89c-46454a-a7aca6-8c4e53b69fa0","a1_2","governorate_pcode","district_pcode",0,0,0,0,1,0,0,1,0,0,0,0
"b2c63d57-c491-434246-a6acad-3a51d87c42fb","a1_1","governorate_pcode","district_pcode",0,0,0,0,0,0,0,0,0,0,0,0
"0d4b8153-f2d3-494f4b-b1bdba-ecb1a5703486","a1_1","governorate_pcode","district_pcode",0,0,0,0,0,0,1,0,0,0,0,0
"afde73bc-2cf9-4f4746-878a82-5b73de06fa41","a1_1","governorate_pcode","district_pcode",0,0,0,1,0,0,0,0,0,0,0,0
"8b9e76c1-8d9a-4b454c-b9b3b6-f7d364cbe928","a1_3","governorate_pcode","district_pcode",0,0,0,0,0,0,0,0,0,0,0,0
"8fcead0b-1c78-424845-8e868b-09354febd1a6","a1_5","governorate_pcode","district_pcode",0,0,0,0,0,0,0,0,0,0,0,0
"21e57fa8-854d-40484d-969299-6d3afe71208b","a1_4","governorate_pcode","district_pcode",0,0,0,0,0,1,0,0,0,0,0,0
"54f0a819-1389-4b4445-bbb3b8-e12567a80b93","a1_4","governorate_pcode","district_pcode",0,0,0,0,0,0,0,0,0,0,0,0
"be7418f0-6054-4e4c45-939e9c-7e93f6821dab","a1_3","governorate_pcode","district_pcode",0,0,0,0,0,0,0,0,0,0,0,0
"256a87fd-0b24-4c424e-979695-25b1ad6ec0f3","a1_5","governorate_pcode","district_pcode",0,0,0,0,1,0,0,0,0,0,0,0
"893b72e1-63fc-4a4446-bfb7be-eab51382cd46","a1_1","governorate_pcode","district_pcode",0,0,0,0,0,0,0,0,0,0,0,0
"1b2953ec-40f3-404a41-a3a4ac-4c1583ae60d7","a1_2","governorate_pcode","district_pcode",0,0,0,0,1,0,0,1,0,0,0,0
"926d7e3a-da40-4b474c-989b95-d1597a8f2e04","a1_2","governorate_pcode","district_pcode",0,0,0,0,0,0,0,1,0,0,0,0
"ca6f28eb-5ae4-4f4b47-828980-f3cb42d79150","a1_2","governorate_pcode","district_pcode",0,0,0,0,0,0,0,1,0,0,0,0
"84fa6dc0-26df-434146-b7b8bf-5fd374a6c8eb","a1_3","governorate_pcode","district_pcode",0,0,0,0,0,0,0,0,0,0,0,0
"19306ce7-7b2d-4b424c-8e8289-b07dc23f41ea","a1_4","governorate_pcode","district_pcode",0,0,0,0,0,0,0,0,0,0,0,0
"a207c156-2ef1-494f41-909991-bc42fe30a685","a1_1","governorate_pcode","district_pcode",0,0,0,0,0,0,0,0,0,0,0,0
"249df6e7-9a82-4c4441-aba6a7-ef56a8c9d7b2","a1_5","governorate_pcode","district_pcode",0,0,0,0,0,0,0,0,0,0,1,0
"25c48ae3-0a37-4c4446-a3a6a7-4da57e2fc106","a1_3","governorate_pcode","district_pcode",0,0,0,0,0,0,0,0,0,0,0,0
"5f3489d1-6bf3-48464f-a6adaf-f19e685d420a","a1_3","governorate_pcode","district_pcode",0,0,0,0,0,0,0,0,0,0,0,0
"f7369501-f108-404b4c-a6a8a7-f7a58db36c29","a1_4","governorate_pcode","district_pcode",0,0,0,1,0,0,0,0,0,0,0,0
"c7fda90e-a631-4e4c42-9f9c96-0597eab2381d","a1_4","governorate_pcode","district_pcode",1,0,0,0,0,0,0,0,0,0,0,0
"6e5ca1b2-8354-474d49-bcb0b6-4f16adec325b","a1_3","governorate_pcode","district_pcode",0,0,0,0,0,0,0,0,0,0,0,0
"684ad1ef-4f97-434b45-8c898e-5917aebfc2d8","a1_4","governorate_pcode","district_pcode",0,0,0,0,0,0,0,0,0,0,0,0
"8bf9d41c-b804-484f47-919399-7dc014b5e6f8","a1_5","governorate_pcode","district_pcode",0,0,0,1,0,0,0,0,0,0,0,0
"4d165ba7-e168-464b43-858a8d-7189f0b5324e","a1_2","governorate_pcode","district_pcode",0,0,0,0,0,0,0,1,0,0,0,0
"e831f49b-6e81-47494d-b9b6b5-b3401cfa89e6","a1_3","governorate_pcode","district_pcode",0,0,1,0,0,0,0,0,0,0,0,0
"820147f6-1759-4f4d41-a6a4a7-a920c13d8feb","a1_1","governorate_pcode","district_pcode",0,0,0,0,0,0,0,0,0,0,0,0
"c536da17-9780-464f4d-878c81-e9fd381562b7","a1_4","governorate_pcode","district_pcode",0,0,0,0,0,0,0,0,0,0,0,0
"51f473c2-7a1c-484441-848088-1f687b9240ec","a1_5","governorate_pcode","district_pcode",0,0,0,1,0,0,0,0,0,0,0,0
"9ec25f6a-9ecd-4a4448-949a93-948afc52ed13","a1_5","governorate_pcode","district_pcode",0,0,0,0,0,0,0,0,0,0,0,1
"cae5670f-9708-40494d-919f9a-936f4b70edc8","a1_2","governorate_pcode","district_pcode",0,0,0,0,0,0,0,1,0,0,0,0
"6c3098e2-7ad8-40484b-838682-be95a167403c","a1_2","governorate_pcode","district_pcode",0,0,0,0,0,1,0,1,0,0,0,0
"2a195f07-5b9a-484346-a5a0a4-c7da94be1635","a1_1","governorate_pcode","district_pcode",0,0,0,0,0,0,0,0,0,0,0,0
"a548c1d7-d901-49474d-a7a9a6-487b62da1e09","a1_1","governorate_pcode","district_pcode",0,0,0,0,0,0,0,0,0,0,0,0
"e60b18fd-a9db-474e4c-b5b0b8-f0edb92156ca","a1_3","governorate_pcode","district_pcode",0,0,0,0,0,0,0,0,0,1,0,0
"06f27a34-4052-4b4941-848f8e-471be30d92f8","a1_1","governorate_pcode","district_pcode",0,0,0,0,0,0,0,0,0,0,0,0
"b70d915c-1786-454943-a4a6a0-0398c2fb7d6a","a1_2","governorate_pcode","district_pcode",0,0,0,0,0,1,0,1,0,0,0,0
"6c1d8f9e-375f-4d4e40-868082-0c15d98f3ae6","a1_2","governorate_pcode","district_pcode",0,0,0,0,0,0,0,1,0,0,0,0
"10a5792f-f175-454647-bab3bf-5c4f97e3d61a","a1_5","governorate_pcode","district_pcode",0,0,0,0,0,0,0,0,0,0,0,0
"8972145b-4f27-454b4f-999792-c13ab642f8d9","a1_3","governorate_pcode","district_pcode",0,0,0,0,0,0,0,0,0,0,0,0
"3490e175-0395-40494a-8e8c81-8549a6c2103e","a1_1","governorate_pcode","district_pcode",0,0,0,0,0,0,0,0,0,0,0,0
"79f5cb68-dc26-474a4d-b7b4bb-e410576bacd2","a1_4","governorate_pcode","district_pcode",0,0,0,0,0,0,0,0,0,0,0,0
"3cbd5246-a698-47454c-93919a-21bfcd649738","a1_2","governorate_pcode","district_pcode",1,0,0,0,0,0,0,1,0,0,0,0
"09afdc31-e704-43494a-a5a4ad-61ecd4230758","a1_2","governorate_pcode","district_pcode",0,0,0,0,0,0,1,1,0,0,0,0
"af179eb0-d058-4f4a46-9f9399-ba3d1c0794e5","a1_2","governorate_pcode","district_pcode",0,0,0,0,0,0,0,1,0,0,0,0
"a95c7fb6-86db-4d4746-bbb2bd-07a135e2d89f","a1_5","governorate_pcode","district_pcode",0,0,0,0,0,0,0,0,0,0,0,0
"af0b2473-651a-414e43-a4a7a3-c87b24d1f930","a1_2","governorate_pcode","district_pcode",0,0,0,0,0,0,0,1,0,0,0,1
"47b9c3df-2594-4d4e48-989f9e-d82a495bf376","a1_1","governorate_pcode","district_pcode",0,0,0,0,0,0,0,0,0,0,0,0
"915cd6ae-387a-4e4f48-979891-140365edbac2","a1_2","governorate_pcode","district_pcode",0,0,0,0,0,0,0,1,0,0,0,0
"c21be46f-1025-4e4644-898184-0f46cbae3152","a1_4","governorate_pcode","district_pcode",1,0,0,1,0,0,0,0,0,0,0,0
"0de9768b-ac82-444e4a-a8aba7-692e3da5cf1b","a1_5","governorate_pcode","district_pcode",0,0,1,0,0,0,0,0,0,0,1,0
"61e50487-ba84-4f4042-a9a5aa-d0953c71e6ba","a1_4","governorate_pcode","district_pcode",0,0,0,0,0,1,1,0,0,0,0,0
"38e50cdb-157c-43494c-a0a6a3-052c98a7de1f","a1_5","governorate_pcode","district_pcode",0,0,0,0,0,0,0,0,0,0,0,0
"d21cb7e3-2a8e-454e48-8f8287-5879b6f40e2d","a1_4","governorate_pcode","district_pcode",0,0,1,0,0,0,0,0,0,0,0,0
"98bec214-456c-4b4844-909298-476ef91bc23d","a1_5","governorate_pcode","district_pcode",0,0,0,0,0,0,0,0,0,0,0,0
"3c5bf97d-4780-45474a-b9bdb3-8e7b43a12609","a1_1","governorate_pcode","district_pcode",1,0,0,0,0,0,0,0,0,0,0,0
"9e8a4f71-fb1a-464b4d-a3a0ab-4f38527c90be","a1_1","governorate_pcode","district_pcode",0,0,0,0,0,0,0,0,0,0,0,0
"72908be5-7853-4a4d46-9d959b-594c7bf28de6","a1_1","governorate_pcode","district_pcode",0,0,0,0,0,0,1,0,0,0,0,0
"c710a283-97c8-484442-bbbeb3-34cfa52d1097","a1_5","governorate_pcode","district_pcode",1,0,0,0,0,0,0,0,0,0,0,0
"57fb30d6-f4a8-464a40-ada4aa-0ec721b6a384","a1_5","governorate_pcode","district_pcode",0,0,0,0,0,0,0,0,0,0,0,0
"23ea9f14-06f1-4c4745-aaa7ac-e9fd6351bc2a","a1_3","governorate_pcode","district_pcode",0,0,0,0,0,0,0,0,0,1,0,0
"65b72cf1-c016-484144-949692-c13046af8295","a1_4","governorate_pcode","district_pcode",0,0,0,0,0,0,0,0,0,0,0,0
"6c38a197-d97a-4e4942-b7b0b9-97d48e3c1065","a1_5","governorate_pcode","district_pcode",0,0,0,0,0,0,0,0,0,0,0,0
"cd234ea9-73a1-42434f-828487-0be8a75c4d3f","a1_2","governorate_pcode","district_pcode",0,0,0,0,0,0,0,1,0,0,0,0
"6b8a7d2c-904d-4f4c43-95979e-328c4a1967e5","a1_1","governorate_pcode","district_pcode",0,0,1,0,0,0,0,0,0,0,0,0
"56ced0a7-3a20-424844-929a96-f96817d3a24b","a1_1","governorate_pcode","district_pcode",1,0,0,0,0,0,0,0,0,1,0,0
"5ec6d2fa-ac10-414840-8a8481-6073854cfa2e","a1_1","governorate_pcode","district_pcode",0,0,0,0,0,0,0,0,0,0,0,0
"5d041b39-bef7-42494d-8e8a88-a4d1c9fe8362","a1_3","governorate_pcode","district_pcode",1,0,0,0,0,0,0,0,0,0,0,0
"6af7d5e4-e402-4c4e4b-a1a2a3-fd38195c64a0","a1_2","governorate_pcode","district_pcode",0,0,0,0,0,0,0,1,0,0,1,0
"6801b4de-7a1f-424f46-828c8d-ac207491eb8f","a1_2","governorate_pcode","district_pcode",0,0,0,0,0,0,0,1,0,0,0,0
"35c07fd4-4268-4e4447-afada1-ed0bca72f143","a1_3","governorate_pcode","district_pcode",0,0,0,1,0,0,0,0,0,0,0,0
"b46d3859-af06-474f42-ada2aa-b7f638e91052","a1_2","governorate_pcode","district_pcode",0,0,0,0,0,0,0,1,0,0,0,0
"84cd17b0-3f0e-444a49-afa7a6-b04cd2e7a598","a1_2","governorate_pcode","district_pcode",0,0,0,0,0,0,1,1,0,0,0,0
"5a786d29-754c-4c4549-919994-f5da0cb739e1","a1_5","governorate_pcode","district_pcode",0,0,0,0,0,0,0,0,0,0,0,0
"8c7024da-5f71-40414f-aca0a1-8ac034f1b5d7","a1_2","governorate_pcode","district_pcode",0,0,0,0,0,0,0,1,0,1,0,0
"5bfd3c18-8d5c-47454e-898b8c-ce5f9601a438","a1_2","governorate_pcode","district_pcode",0,0,0,0,0,0,0,1,0,1,0,0
"542a9031-8246-484b4f-b9b5bb-ca3597f1d2e8","a1_2","governorate_pcode","district_pcode",0,0,0,0,0,0,0,1,0,0,0,0
"081a6be4-97eb-4b4941-b6b9b2-64781f59c3b0","a1_3","governorate_pcode","district_pcode",1,0,0,0,0,0,0,0,0,0,0,0
"9ca47813-2e31-45434c-b8bbb7-13e26d708b5f","a1_4","governorate_pcode","district_pcode",0,0,1,0,0,0,0,0,0,0,0,0
"f410d738-a387-404a42-93969a-1a3c80f2be97","a1_1","governorate_pcode","district_pcode",0,0,0,0,0,0,0,0,0,0,0,0
"46c015a9-2946-484740-aca7a4-e6b72df03198","a1_5","governorate_pcode","district_pcode",0,0,0,1,0,0,0,0,0,1,0,0
"c0e1875a-ea0f-434942-80888a-9f4c38a521db","a1_3","governorate_pcode","district_pcode",0,0,0,0,0,0,0,0,0,0,0,0
"c9b37fe6-f7d4-4e4c49-a1a2ab-8d7614f92b0e","a1_1","governorate_pcode","district_pcode",0,0,0,0,0,0,0,0,0,0,0,0
"1f3462c0-9eb0-44474b-a4a9a5-2e34875a061d","a1_4","governorate_pcode","district_pcode",1,0,0,0,0,0,0,0,0,0,0,0
"45a3bf7d-7139-404a4c-9f9997-4d8a026715e9","a1_3","governorate_pcode","district_pcode",0,0,0,0,1,0,1,0,0,0,0,0
"79dc5632-e43c-484349-939c94-e150c289fbd7","a1_4","governorate_pcode","district_pcode",1,0,0,0,0,0,0,0,0,0,0,0
"409fa7db-29cb-454d4b-b9b8b5-840dfac3b967","a1_5","governorate_pcode","district_pcode",0,0,0,0,0,0,0,0,0,0,0,0
"cf8a4e7b-fe68-4c464a-9f9a98-e76da59482fb","a1_4","governorate_pcode","district_pcode",0,0,0,0,0,0,0,0,0,0,0,0
"b0642d13-6ad8-434f41-818582-462a5b830f97","a1_2","governorate_pcode","district_pcode",0,0,0,0,0,0,0,1,0,0,0,0
"09a6c3bf-b30f-444248-9b9a9e-64b57a8093e1","a1_3","governorate_pcode","district_pcode",0,0,0,0,0,0,0,0,0,0,0,0
"6e29b713-89b2-4b4149-ada3a0-4a5cef23678b","a1_3","governorate_pcode","district_pcode",0,0,0,0,0,0,0,0,0,0,0,0
"f47bd9a3-235b-454844-868180-41c9be507f2d","a1_4","governorate_pcode","district_pcode",0,0,0,0,0,0,0,0,0,0,0,0
"53f74e26-e840-404c47-979099-ea0c65418b29","a1_5","governorate_pcode","district_pcode",0,0,0,0,0,0,0,0,0,0,0,0
"6ce0472a-02b4-4f424d-9e939c-f718cd430265","a1_2","governorate_pcode","district_pcode",0,0,0,0,0,0,0,1,0,0,0,0
"7fce8230-afb1-4c4445-818e8c-365019de4cfb","a1_1","governorate_pcode","district_pcode",0,0,0,0,0,0,0,0,0,0,0,0
"c91a8470-f9c5-424849-89878f-ca4b18720693","a1_3","governorate_pcode","district_pcode",0,0,0,0,0,0,0,0,0,0,0,0
"8c46a03b-58b3-444b4d-969490-2430ac6f5de7","a1_4","governorate_pcode","district_pcode",0,0,0,0,1,0,0,0,0,0,0,1
"4df9c685-a276-434946-9f9094-861e3f2cd745","a1_5","governorate_pcode","district_pcode",0,0,0,0,0,0,0,0,0,0,0,0
"268d4b1c-2910-444042-a6a4a7-f764eac1285b","a1_2","governorate_pcode","district_pcode",0,0,0,0,0,0,1,1,0,0,0,0
"3685cbd0-dfbc-4d4f41-babeb1-bd843f72910c","a1_3","governorate_pcode","district_pcode",0,0,0,0,0,0,0,0,0,0,0,0
"f9a5eb61-8451-484a4b-b8bfb6-2d5e9813467a","a1_2","governorate_pcode","district_pcode",0,0,0,0,0,0,0,1,0,0,0,0
"6a9412fd-ae94-4c4346-939899-4a082c617fd5","a1_4","governorate_pcode","district_pcode",1,0,0,0,0,0,0,0,0,0,0,0
"37bdc108-2c64-49464a-979096-d59c1a2870f6","a1_2","governorate_pcode","district_pcode",0,0,0,0,1,0,0,1,0,0,0,0
"8093d6e2-ebfc-4a404e-9a919d-7be65fd1c432","a1_5","governorate_pcode","district_pcode",0,0,0,0,0,0,0,0,0,0,0,0
"194865de-d5ae-4a434f-9e959b-b0216cad3f5e","a1_4","governorate_pcode","district_pcode",1,0,0,0,0,0,0,0,0,0,0,0
"da78e3f5-7d50-43464a-999a93-364a9ec8502f","a1_5","governorate_pcode","district_pcode",0,0,0,0,0,0,0,0,0,0,0,0
"de759638-f5b7-48464e-abafa9-a823c9e75b41","a1_3","governorate_pcode","district_pcode",0,0,0,0,0,0,0,0,0,0,0,0
"b71f9258-c962-4b4f48-aba0aa-8e26f5794d1a","a1_1","governorate_pcode","district_pcode",0,0,0,0,0,0,0,0,0,0,0,0
"b1df285e-348d-464144-9f9e9a-a8cd2b509f47","a1_4","governorate_pcode","district_pcode",0,0,0,0,0,1,0,0,0,0,0,0
"c46faed3-0947-4a4240-aba1a3-6b8c302af517","a1_5","governorate_pcode","district_pcode",0,0,0,0,0,0,0,0,0,0,0,0
"b8ae205c-9ea2-4f4745-afa8a5-734e69d51f28","a1_3","governorate_pcode","district_pcode",0,0,0,0,0,0,0,0,0,0,0,0
"098a32e1-4795-4a4042-b5b3b1-483951c67e2b","a1_1","governorate_pcode","district_pcode",0,0,0,0,1,0,0,0,0,0,0,0
"649d1b35-6a71-434a47-979d98-e751b0af48d6","a1_3","governorate_pcode","district_pcode",0,0,0,1,0,0,0,0,0,0,0,0
"584672b9-c8fb-414c49-8e8b81-1fde984ac063","a1_4","governorate_pcode","district_pcode",0,0,0,0,0,0,0,0,0,0,0,0
"973ade81-de15-484142-a1aea2-2f138b4c60e7","a1_3","governorate_pcode","district_pcode",0,0,0,0,0,0,0,0,0,0,0,0
"ca81e072-23d8-414847-b9b5b4-9d3ac5e816bf","a1_3","governorate_pcode","district_pcode",0,0,0,0,0,0,1,0,0,0,0,0
"47d210ba-b476-41424d-9e9996-654eb1320897","a1_4","governorate_pcode","district_pcode",0,0,1,0,0,0,0,0,0,0,0,0
"b263ad9e-f5b2-42414f-aaa9a5-6031c48a259d","a1_5","governorate_pcode","district_pcode",0,0,0,0,0,0,0,0,0,0,0,0
"09f7a2bd-1e20-414a47-a7a1a6-1d32b87965e4","a1_1","governorate_pcode","district_pcode",0,0,0,1,0,0,0,0,0,0,0,0
"09d3eb52-9870-41484f-b9b0b5-ae126b97c5f8","a1_2","governorate_pcode","district_pcode",0,0,0,0,0,0,0,1,0,0,0,0
"5c9d417b-b51a-404a4b-afa1a4-f9cd0e3b6241","a1_3","governorate_pcode","district_pcode",0,0,0,0,0,0,0,0,0,0,0,0
"f8b75a1e-28b7-464842-939897-b61ead9f2387","a1_1","governorate_pcode","district_pcode",0,0,0,1,0,0,0,0,0,0,0,0
"7853a2be-470b-45424b-a6adab-3128fec059b4","a1_2","governorate_pcode","district_pcode",0,0,0,1,0,0,0,1,0,0,0,0
"2bd58379-4cf9-484246-919a94-2e730ba691c4","a1_5","governorate_pcode","district_pcode",0,0,0,0,0,0,0,0,0,0,0,0
"563078ca-fe56-494740-8b8583-13ba50f642e8","a1_1","governorate_pcode","district_pcode",1,0,0,0,0,0,0,0,0,0,0,0
"c1943b80-17ac-41424a-a6aca1-108c2b7a9d56","a1_4","governorate_pcode","district_pcode",0,0,0,0,0,0,0,0,0,0,0,0
"086a24c3-6d93-444140-868b8c-956c7042df83","a1_3","governorate_pcode","district_pcode",0,0,0,0,0,0,0,0,0,0,0,0
"0cbfe138-753e-4f484e-aba2ac-31e4a092685b","a1_5","governorate_pcode","district_pcode",1,0,0,0,0,0,0,0,0,0,0,0
"6fbd8ce4-270b-43494a-8d8883-bef7301a948d","a1_3","governorate_pcode","district_pcode",0,0,0,0,0,0,0,0,0,0,0,0
"2c37a9ed-cf7e-40494f-909599-12fde7c3a586","a1_2","governorate_pcode","district_pcode",0,0,0,0,0,0,0,1,0,0,0,0
"4da98073-c425-404e43-808389-4c36e05f81ba","a1_2","governorate_pcode","district_pcode",0,0,1,0,0,0,0,1,0,0,0,0
"407dfc35-124a-4a4647-a2a1a8-f1823e05946d","a1_3","governorate_pcode","district_pcode",0,0,0,0,0,0,1,0,0,0,0,0
"8ae0b967-76b8-4d494e-b4b9bc-85e07bcd3fa6","a1_3","governorate_pcode","district_pcode",0,0,0,0,0,0,0,0,0,0,0,0
"b7edcaf9-ed9f-424a49-959492-f610ac4d7b52","a1_2","governorate_pcode","district_pcode",1,0,0,0,0,0,0,1,0,0,0,0
"1328d097-e9c4-424840-b2b7bd-3ade2c946f01","a1_1","governorate_pcode","district_pcode",0,0,0,0,0,0,0,0,0,0,0,0
"3ad0cfe2-3d79-444143-9d9c94-2ea9751f06c4","a1_5","governorate_pcode","district_pcode",0,0,0,0,0,0,0,0,0,0,0,0
"a46c9e21-a3b9-444342-aca6a2-5e3814c2d76b","a1_5","governorate_pcode","district_pcode",0,0,0,0,0,0,0,0,0,0,0,0
"64f8c1ae-d169-4b4a45-9f909c-9e7d2a380415","a1_4","governorate_pcode","district_pcode",0,0,0,0,0,0,0,0,0,0,0,0
"57e60db1-2430-4f4e4b-b6b3b7-f148ac329ed6","a1_3","governorate_pcode","district_pcode",0,0,0,0,0,0,0,0,0,0,0,0
"c6503fb4-96b2-4f4445-bbb0bd-c8a124db39e7","a1_3","governorate_pcode","district_pcode",0,0,0,0,0,0,0,0,0,0,0,0
"e246c357-50d1-484f46-aba8af-91da46bf275e","a1_3","governorate_pcode","district_pcode",1,0,0,0,0,0,0,0,0,0,0,0
"27eacf4b-8352-434941-89888e-3fce24b01a95","a1_3","governorate_pcode","district_pcode",0,0,0,0,0,0,0,0,0,0,0,0
"f2c04563-03ce-4a484e-91969a-637ad54fec02","a1_5","governorate_pcode","district_pcode",0,0,0,0,0,1,0,0,0,0,0,0
"d1af6cb8-3a17-474a4e-818887-6ef4718309ad","a1_1","governorate_pcode","district_pcode",0,0,0,0,1,0,0,0,0,0,0,0
"8a93cd60-c61a-404148-9a9596-3671cf5ed0b2","a1_3","governorate_pcode","district_pcode",0,0,0,1,0,0,0,0,0,0,0,0
"69da42fe-cb21-494148-a8a5a2-5e43c28b7fd6","a1_2","governorate_pcode","district_pcode",1,0,0,0,0,0,0,1,0,0,0,0
"81dac326-825f-454047-83848a-ecaf19628b30","a1_2","governorate_pcode","district_pcode",0,0,0,0,0,0,0,1,0,1,0,0
"6e290f3c-7af8-484b43-b5b0b8-cde5f389a462","a1_3","governorate_pcode","district_pcode",1,0,0,0,0,0,0,0,0,0,0,0
"8267f543-763a-45414f-80858f-60a7fd591c28","a1_2","governorate_pcode","district_pcode",0,0,0,0,0,0,0,1,0,0,0,0
"2fb54860-8baf-414840-999e93-c2e05b741f6d","a1_1","governorate_pcode","district_pcode",1,0,0,0,0,0,0,0,0,0,0,0
"8e1a3270-76c5-4b4d44-818f80-c6a9b7840d3e","a1_2","governorate_pcode","district_pcode",1,0,0,0,0,0,0,1,0,0,0,0
"c7ba8059-13e0-434a40-b0b5b8-3bf8749510ca","a1_2","governorate_pcode","district_pcode",1,0,0,0,0,1,0,1,0,0,0,0
"abe94635-6d82-44484a-96919f-273de804ab19","a1_5","governorate_pcode","district_pcode",0,0,0,0,0,0,0,0,0,0,0,0
"c8d0efb5-1e9f-474d44-a5ada6-91f3d62c4b50","a1_4","governorate_pcode","district_pcode",0,0,0,1,0,0,0,0,0,0,0,0
"4ea28bc3-c7b3-4b4147-a5a4ad-a9fb871c4d2e","a1_4","governorate_pcode","district_pcode",1,0,0,0,0,0,0,0,0,0,0,0
"527fca83-5083-4e4c4b-979f9e-935ad268f704","a1_5","governorate_pcode","district_pcode",0,0,0,0,0,0,0,0,0,0,0,0
"8dbfa5c7-3481-4d4f47-ada9a1-9254ae37b8fc","a1_5","governorate_pcode","district_pcode",0,0,0,0,0,0,0,0,0,0,0,0
"46a0e2f9-317c-434f4e-85868a-f52d3791ace0","a1_4","governorate_pcode","district_pcode",0,0,0,0,0,0,0,0,0,0,0,0
"3a09168e-d4c5-4c484f-929a94-782abfd3c65e","a1_3","governorate_pcode","district_pcode",0,0,0,0,1,0,0,0,0,0,0,0
"b7a51f63-429a-444049-979d99-64130c5b7a29","a1_1","governorate_pcode","district_pcode",1,0,1,0,0,0,0,0,0,0,0,0
"69f74d0a-bd0f-444342-959b9c-4fe690b5a81d","a1_5","governorate_pcode","district_pcode",0,0,0,0,0,0,0,0,0,0,0,0
"0d139b26-e924-464c4e-b4bbb1-a8b6dc723910","a1_1","governorate_pcode","district_pcode",0,0,0,0,0,0,0,0,0,0,0,0
"d217435a-85c4-4a4c4e-a8a6af-531a60d7efb8","a1_3","governorate_pcode","district_pcode",0,0,0,0,0,0,0,0,0,0,0,0
"31c8ef45-4abc-464e43-a1a8a4-9cefb0da7263","a1_3","governorate_pcode","district_pcode",1,0,0,0,0,0,0,0,0,0,0,0
"0ba32578-0a18-4b4349-b7b8b6-d419ec8523af","a1_2","governorate_pcode","district_pcode",0,0,0,0,0,0,0,1,0,0,0,0
"208ba139-8b5e-40434a-868e88-d37e14a05f8c","a1_5","governorate_pcode","district_pcode",0,0,0,0,0,0,0,0,0,0,0,0
"158349ea-e542-464a41-b6bfbc-cd914657ea3b","a1_1","governorate_pcode","district_pcode",0,0,0,0,0,0,0,0,0,0,0,0
"6b953f4c-9018-444b4f-b0b1ba-38b724cf069e","a1_2","governorate_pcode","district_pcode",1,0,0,0,0,1,0,1,0,0,0,0
"afc42039-108b-40474e-a3a7af-d4380b62f179","a1_4","governorate_pcode","district_pcode",0,0,0,0,0,0,0,0,0,0,0,0
"5ade48c6-f6a9-45474b-9a9297-3c79a6285e0f","a1_3","governorate_pcode","district_pcode",0,0,0,0,0,0,0,0,0,0,0,0
"160384bf-7840-454446-a7aeaf-58302b1dfac9","a1_4","governorate_pcode","district_pcode",0,0,0,0,1,0,0,0,0,0,0,0
"09cb1fe7-856c-4e414d-bdb0bf-3285abc04e76","a1_3","governorate_pcode","district_pcode",0,0,0,0,0,0,0,0,0,0,0,0
"f3ca8924-27b5-42454e-828e84-c4b7a2693f85","a1_2","governorate_pcode","district_pcode",0,0,0,0,1,0,0,1,0,0,0,0
"e3a68fc5-5d62-48404a-b1b9b4-0389c25efbda","a1_4","governorate_pcode","district_pcode",0,0,0,0,0,0,0,0,0,0,0,0
"e264f180-07fd-464440-acabaa-adfb530e78c6","a1_2","governorate_pcode","district_pcode",0,0,0,0,1,0,0,1,0,0,0,0
"b452198d-5dae-4f4540-a8aca3-261b74c35e9a","a1_1","governorate_pcode","district_pcode",0,0,0,0,0,0,0,0,0,0,0,0
"89164b0f-ae02-434a49-87868b-5fac21764bed","a1_5","governorate_pcode","district_pcode",0,0,0,0,1,1,1,0,0,0,0,0
"bef14385-34a1-4e4249-b8b6b2-42dbc93a6501","a1_2","governorate_pcode","district_pcode",0,0,0,0,0,0,0,1,0,0,0,0
"ae69d38b-d826-474043-9d9598-1a34250f9d68","a1_2","governorate_pcode","district_pcode",0,0,0,0,0,0,0,1,0,0,1,0
"618fcb3a-bc8a-494f4e-85838b-914ed762b0af","a1_1","governorate_pcode","district_pcode",0,0,0,0,0,0,0,0,0,0,0,0
"839e6d05-12ca-4b4f4a-a1a2ae-3aef4cb02597","a1_2","governorate_pcode","district_pcode",0,0,0,0,1,0,0,1,0,0,0,0
"d7e6b8f2-25b4-444549-969390-e83dba72f149","a1_4","governorate_pcode","district_pcode",0,0,1,0,0,0,0,0,0,0,0,0
"f9be502c-fd2a-44494c-adaba1-237b1e4d0689","a1_4","governorate_pcode","district_pcode",0,0,0,0,0,0,0,0,0,0,0,0
"74216cb5-71f9-4f494e-bbbcb9-1f6acd025978","a1_1","governorate_pcode","district_pcode",0,0,0,0,0,0,0,0,0,0,1,0
"db832cf1-3c40-404c49-808b89-51e7f6823d0a","a1_3","governorate_pcode","district_pcode",0,0,0,0,0,0,0,0,0,0,0,0
"2c6da7e1-531e-494c44-989c9b-64fad508bc17","a1_1","governorate_pcode","district_pcode",0,0,0,0,0,0,0,0,0,0,0,0
"407623bf-c6b0-4d444b-afabad-b6af08e9147c","a1_5","governorate_pcode","district_pcode",0,0,0,0,0,0,0,0,0,0,0,0
"14f9e5d3-a987-4d454e-91949a-f5923a7d64b8","a1_4","governorate_pcode","district_pcode",0,0,0,0,0,1,0,0,0,1,0,0
"b87613a2-64cb-444941-8d8188-fb546dace379","a1_5","governorate_pcode","district_pcode",1,0,0,0,0,0,0,0,0,0,0,0
"a0e613d5-09ed-474b49-b4bcb8-254dea61f9cb","a1_3","governorate_pcode","district_pcode",0,0,0,0,0,0,1,0,0,0,0,1
"fbea5874-6f09-40434f-949d92-2b4e537dac01","a1_4","governorate_pcode","district_pcode",0,0,0,0,0,0,0,0,0,0,0,0
"86b945e1-8913-4a494b-a1adac-8b0f14d6732a","a1_4","governorate_pcode","district_pcode",0,0,0,0,0,0,0,0,0,0,0,0
"0e13ad9c-3e94-4b4e48-9c9799-8750392a4c61","a1_5","governorate_pcode","district_pcode",0,0,0,0,0,0,0,0,0,0,0,0
"2b9f0417-37ba-414d45-b0bfbd-0ca3742615bf","a1_3","governorate_pcode","district_pcode",0,0,0,0,0,0,0,0,0,0,0,0
"5d91bcef-4ec7-434745-828381-c0671d5f38b2","a1_2","governorate_pcode","district_pcode",0,0,0,0,0,0,0,1,0,0,0,0
"05a2438c-5167-48404c-b7b4b6-eba59740f61d","a1_5","governorate_pcode","district_pcode",0,0,0,0,0,0,0,0,0,0,0,0
"e02b539d-6b52-4f4641-a8afa2-b1ce079324f6","a1_2","governorate_pcode","district_pcode",1,0,0,0,0,0,0,1,0,0,0,0
"a5f9628c-9057-484349-9b9c90-51fd3b4c7620","a1_1","governorate_pcode","district_pcode",0,0,0,0,0,0,0,0,0,0,0,0
"3b706ac4-1390-4b4d4c-bfb4b8-7e8a04cbf26d","a1_3","governorate_pcode","district_pcode",0,0,0,0,0,0,0,0,0,0,0,0
"e3f4db6c-7cfd-414744-beb0b3-18bd3564a9cf","a1_3","governorate_pcode","district_pcode",0,0,0,0,0,0,0,0,0,0,1,0
"c5047613-bf81-49474a-8b8883-09ef3d1748c6","a1_1","governorate_pcode","district_pcode",0,0,0,0,0,0,0,0,0,0,0,0
"8130bedc-24af-474b44-b0b9bc-fe5b8a63701c","a1_2","governorate_pcode","district_pcode",0,0,0,0,0,1,0,1,0,0,0,0
"83a9570e-2a0f-4e4d4c-bfb4bb-fc39d4b8e567","a1_3","governorate_pcode","district_pcode",0,0,0,0,0,0,0,0,0,0,0,0
"da528901-a735-49444b-898d87-671bd53c908e","a1_2","governorate_pcode","district_pcode",1,0,0,0,0,0,0,1,0,0,0,0
"68be53af-e184-404244-b1bdbb-1c4958fe6a23","a1_3","governorate_pcode","district_pcode",0,0,0,0,0,0,0,0,0,0,0,0
"c6081b35-0a1b-48434e-9f9593-1bc7d8ae9304","a1_1","governorate_pcode","district_pcode",0,0,0,0,1,0,1,0,0,0,0,0
"4ac72b38-8127-454c44-8d8a87-b8f95723a461","a1_1","governorate_pcode","district_pcode",1,0,0,0,0,0,0,0,0,0,0,0
"54b2981d-e79b-414d40-b5bcbb-ca286479ebd1","a1_1","governorate_pcode","district_pcode",0,0,0,0,0,0,0,0,0,0,0,0
"4587c6bd-f9c6-46484a-a8a9a5-c08fd364971a","a1_1","governorate_pcode","district_pcode",1,0,1,0,0,0,1,0,0,0,0,0
"23f960d5-428f-46454b-91939e-e75468931daf","a1_5","governorate_pcode","district_pcode",0,0,0,0,0,0,0,0,0,0,0,0
"30a87412-65ad-4a444b-808a8d-73a0e4596fc1","a1_3","governorate_pcode","district_pcode",1,0,1,0,0,0,0,0,0,0,0,0
"4d5867bf-7c46-42494f-88838a-2c01d7695e3a","a1_5","governorate_pcode","district_pcode",0,0,0,0,0,1,0,0,0,0,0,0
"0e75341b-863b-4a434d-b3bcbd-0f5e1d94cb27","a1_2","governorate_pcode","district_pcode",0,0,0,0,0,0,0,1,0,0,0,0
"2afcbd70-6c8d-484a4b-868e85-3eac29d4f581","a1_3","governorate_pcode","district_pcode",0,0,0,0,0,0,0,0,0,0,0,0
"b28957d3-0f54-484046-bcbfbd-837c52a6e91b","a1_2","governorate_pcode","district_pcode",0,0,0,0,0,0,1,1,0,0,0,0
"94bceafd-cd69-444846-a6a7ac-36e92fa8b0d4","a1_1","governorate_pcode","district_pcode",0,0,0,0,0,0,1,0,0,0,0,0
"7e581f64-fd18-474c40-828d80-497afce50b6d","a1_2","governorate_pcode","district_pcode",0,0,0,0,0,1,0,1,0,0,0,0
"d7c0e3ab-0d97-48434d-bbbfb1-fa456321b0c9","a1_3","governorate_pcode","district_pcode",0,0,0,0,0,0,0,0,0,0,0,0
"d0395cb6-cb89-40444e-a7aba8-73cbf8a04e52","a1_1","governorate_pcode","district_pcode",0,0,0,0,0,0,0,0,0,0,0,0
"f789c3d2-2b0c-444d45-8d8f82-c512f4d7ea86","a1_4","governorate_pcode","district_pcode",0,0,0,0,0,0,0,0,0,0,0,0
"43b5829a-460c-4c4a43-a6a7ab-76b3294a01dc","a1_5","governorate_pcode","district_pcode",1,0,0,0,0,0,0,0,0,1,0,0
"24e39fda-8f17-4b434a-8e8680-f587d1e039ca","a1_2","governorate_pcode","district_pcode",1,0,0,0,0,0,0,1,0,0,0,0
"519c087d-e809-4a414c-aca3a7-fd983ab2017c","a1_3","governorate_pcode","district_pcode",0,0,0,0,0,0,0,0,0,0,0,1
"02a4593f-b305-4b4644-aea6a5-6829b75c1fe3","a1_5","governorate_pcode","district_pcode",0,0,0,0,0,0,0,0,0,0,0,0
"f751bd9a-9c4e-4d4a44-969190-21b93cae5478","a1_5","governorate_pcode","district_pcode",0,0,0,0,0,0,0,0,0,0,0,0
"9315b67c-d6bf-4b4e49-beb3bc-265b97d04fec","a1_5","governorate_pcode","district_pcode",0,0,0,0,0,0,0,0,0,0,0,0
"19d35f8e-f3e9-494648-b2bcb1-52cf9eb38a7d","a1_2","governorate_pcode","district_pcode",1,0,1,0,0,0,0,1,0,0,0,0
"902564ab-27f5-43464d-b4b6b0-e051397f26c8","a1_3","governorate_pcode","district_pcode",0,0,0,0,0,0,0,0,0,0,0,0
"aef0876d-31d5-43454f-9c9a94-7ced61a08342","a1_2","governorate_pcode","district_pcode",0,0,0,0,1,0,0,1,0,0,0,0
"0f527ca8-a83b-404448-969099-4250ade1637f","a1_1","governorate_pcode","district_pcode",0,0,0,0,0,0,0,0,0,0,0,0
"1635e07c-fe02-4b464a-878481-a346128ce507","a1_3","governorate_pcode","district_pcode",0,0,0,0,0,0,0,0,0,0,1,0
"21e69dac-752e-464241-83808f-1d927fe543c8","a1_4","governorate_pcode","district_pcode",0,0,0,0,0,0,0,0,0,0,0,0
"d5642a9f-3a95-4a4241-898a83-d9b2ec374806","a1_3","governorate_pcode","district_pcode",0,0,0,0,0,0,0,0,0,0,0,0
"5efc8412-86ac-46424e-9f989a-a7e905f63c21","a1_1","governorate_pcode","district_pcode",0,0,0,0,0,0,0,0,0,0,0,0
"fc69b78e-3725-454749-8b8384-c7db90e4863a","a1_1","governorate_pcode","district_pcode",0,0,0,0,0,0,0,0,0,0,0,0
"9c65ba02-5cb1-424447-888581-e4fc756d291a","a1_3","governorate_pcode","district_pcode",0,0,0,0,0,0,0,0,0,0,0,0
"0ba836c2-6914-4a4c44-9b9299-f9a85721cb60","a1_2","governorate_pcode","district_pcode",1,0,0,0,0,0,0,1,0,0,0,0
"3cbaf896-01e9-4d4547-beb7b6-18cd693b07a2","a1_3","governorate_pcode","district_pcode",0,0,0,0,0,0,0,0,0,0,0,0
"48fb37e9-6cd5-4e464f-8a8b86-a3e5c98d417b","a1_3","governorate_pcode","district_pcode",0,0,0,0,0,0,1,0,0,0,0,0
"4b0c3156-5012-494745-8f8883-6834ebd27f10","a1_4","governorate_pcode","district_pcode",1,0,0,0,0,0,0,0,0,0,0,0
"51cf9406-2d3a-424c4f-aca3a6-e58b26a4f901","a1_5","governorate_pcode","district_pcode",0,0,0,0,0,0,0,0,0,1,0,0
"39f6adc8-d402-474544-939695-8c6a0b192f35","a1_3","governorate_pcode","district_pcode",0,0,0,0,0,0,0,0,0,0,0,0
"bf6a74c3-9a5f-49484d-919790-71d4690bef2a","a1_4","governorate_pcode","district_pcode",0,0,0,0,0,0,0,0,0,0,0,0
"69a0e584-0c73-424746-ada6af-5a06c9fe4b27","a1_3","governorate_pcode","district_pcode",0,0,0,0,0,0,0,0,0,0,0,0
"1a0df369-1c0d-444b4f-989195-67fe4b03c5a9","a1_2","governorate_pcode","district_pcode",0,0,0,0,0,0,0,1,0,1,0,0
"fb498ac5-de06-4d4a4c-aca9ae-a70b8f1342ed","a1_3","governorate_pcode","district_pcode",1,0,0,0,0,0,0,0,0,0,0,0
"1be24d35-907b-4d4f43-b5b2b9-62e57480f9bc","a1_4","governorate_pcode","district_pcode",0,0,0,0,0,0,0,0,0,0,0,0
"7945cb23-1e05-484a45-ada2a5-5870a6d4b239","a1_5","governorate_pcode","district_pcode",0,0,1,1,1,0,0,0,0,0,0,0
"9627bf03-6f02-4a4443-babeb7-d6291b40a85c","a1_4","governorate_pcode","district_pcode",0,0,0,0,0,0,0,0,0,0,0,0
"5bf9c862-fd12-454d4a-969f97-2d8ea9f34c06","a1_2","governorate_pcode","district_pcode",0,0,0,0,0,0,0,1,0,0,0,0
"79a8e02d-1827-434c44-b2b1ba-21d7f0389eb5","a1_4","governorate_pcode","district_pcode",1,0,0,0,0,0,0,0,0,0,0,0
"a69d5be0-b936-494e4b-aca9a2-01ab97c8f26e","a1_2","governorate_pcode","district_pcode",0,0,0,0,0,0,0,1,0,0,1,0
"9e346fd5-5bac-46404c-a4a8ab-e87104cd9b2a","a1_1","governorate_pcode","district_pcode",1,0,0,0,0,0,0,0,0,0,0,0
"4a9082f5-5407-414744-beb0bb-e06b28cd543a","a1_1","governorate_pcode","district_pcode",0,0,0,0,0,0,0,0,0,0,0,0
"f0ad6145-5317-494d4e-b8b9b7-71a5e36fd820","a1_4","governorate_pcode","district_pcode",0,0,0,0,0,0,0,0,0,0,0,0
"19578fec-5714-4c494f-aba0ae-afb5d0472368","a1_4","governorate_pcode","district_pcode",1,0,0,0,0,0,0,0,0,0,0,0
"8afe1423-4e08-414f49-9a969e-8c5ef743a6b9","a1_2","governorate_pcode","district_pcode",0,0,0,0,0,0,0,1,0,0,0,0
"61cb703d-1028-414349-acaaaf-bd9846a15307","a1_2","governorate_pcode","district_pcode",0,0,0,0,0,0,0,1,0,0,0,0
"c139bae2-10ef-4c4e48-aea2aa-17b38aec0f29","a1_1","governorate_pcode","district_pcode",1,0,1,0,0,0,0,0,0,0,0,0
"25c7ad8b-548d-464f4c-bbb8b0-fb5dc2167e9a","a1_1","governorate_pcode","district_pcode",0,0,0,0,0,1,0,0,0,0,0,0
"42b8f059-8047-444b47-a3a2a7-304fcd6125ae","a1_4","governorate_pcode","district_pcode",0,0,0,0,0,0,0,0,0,1,0,0
"fe815762-0d9c-404349-bbb2b6-2a91e8704d63","a1_3","governorate_pcode","district_pcode",0,0,0,0,0,0,0,0,0,0,0,0
"2e43089f-1f47-484e4d-afa2a0-902d1835fabe","a1_5","governorate_pcode","district_pcode",1,0,0,0,0,0,1,0,0,0,0,0
"96a25fe4-af87-474f41-b5bbb4-de6a28bf4059","a1_1","governorate_pcode","district_pcode",1,0,1,0,0,0,0,0,0,0,0,0
"f01d782e-a8d1-4f4846-82848f-7c52018a4e69","a1_1","governorate_pcode","district_pcode",0,0,0,0,0,0,0,0,0,0,0,0
"36a8502c-3608-4b4f49-818688-d3c5a9b8204e","a1_1","governorate_pcode","district_pcode",0,0,0,0,0,0,0,0,0,0,0,0
"9cf03871-2074-474041-b3bebc-c2507398db4f","a1_5","governorate_pcode","district_pcode",0,0,0,0,0,0,0,0,0,0,0,0
"d816c03e-b476-484647-808381-3a2c795d4b86","a1_2","governorate_pcode","district_pcode",0,0,0,0,0,0,0,1,0,0,0,0
"3f5a0198-e2f8-4c4a46-bdb5b3-a2fb4d13e6c7","a1_4","governorate_pcode","district_pcode",0,0,0,0,0,1,0,0,0,0,0,0
"3f4ac567-6f28-494c4a-aaaea0-5c09fa41eb27","a1_3","governorate_pcode","district_pcode",0,0,0,0,0,0,0,0,0,0,0,0
"b57d6190-69bd-4d4b49-ada0a7-9ed0b1a685f3","a1_5","governorate_pcode","district_pcode",0,0,0,0,0,0,0,0,0,0,0,0
"638b0e24-4297-434e46-989a90-cd0b2e8a4f71","a1_5","governorate_pcode","district_pcode",0,0,0,0,1,0,0,0,0,0,0,0
"50d2e7bc-27c5-4c404f-babcb1-d937e2041a8f","a1_1","governorate_pcode","district_pcode",0,0,0,0,0,0,0,0,0,0,0,0
"60d37298-37e9-494e47-94999b-90c65eadfb43","a1_5","governorate_pcode","district_pcode",1,0,0,1,0,0,0,0,0,0,0,0
"762a51f0-ea79-484540-bcb7bd-f4ce056b8197","a1_4","governorate_pcode","district_pcode",0,0,0,0,0,0,1,0,0,0,0,0
"781e0ca5-8dcf-424b48-898f8b-9b417f0362c8","a1_1","governorate_pcode","district_pcode",0,0,0,0,0,0,0,0,0,0,0,0
"f813be45-7eb9-414c4a-88818c-4f75a3eb019c","a1_5","governorate_pcode","district_pcode",1,0,0,0,0,0,0,0,0,0,0,0
"d40165fc-176a-464248-8f828d-bf051928a7ed","a1_4","governorate_pcode","district_pcode",0,0,0,1,0,0,0,0,0,0,0,0
"f1209ec5-6527-4c4d46-8d888f-7830edab126f","a1_3","governorate_pcode","district_pcode",0,0,0,0,0,0,1,0,0,0,0,0
"c9731028-438c-4a404b-9c9390-90a523bd7c4e","a1_5","governorate_pcode","district_pcode",0,0,0,0,0,0,0,0,0,0,0,0
"f87139c5-be2d-474048-bcb5b3-1cbd53604f7a","a1_4","governorate_pcode","district_pcode",0,0,0,0,1,0,0,0,0,0,0,0
"0d9a23c7-4ed2-444645-bdb9be-b4da0c83215e","a1_5","governorate_pcode","district_pcode",0,0,0,0,0,0,0,0,0,0,0,0
"d1f0e789-b730-47404c-b2b9b0-038fc267eb1a","a1_1","governorate_pcode","district_pcode",0,0,0,0,0,0,0,0,0,0,0,0
"c4a1b9de-d7f6-454d49-b0beb7-9d7a4c860fe2","a1_1","governorate_pcode","district_pcode",0,0,0,0,0,0,0,0,0,0,0,0
"061fd584-8dc4-484547-bdbab6-869d132bf4e7","a1_4","governorate_pcode","district_pcode",0,0,0,0,0,0,0,0,0,0,0,0
"d89e731a-7189-4c464d-a1a5a4-2d1a9b7836f0","a1_1","governorate_pcode","district_pcode",0,0,0,0,0,0,0,0,0,0,0,0
"1bc2756a-2978-454f41-a0aca5-76b84e9cd2a1","a1_5","governorate_pcode","district_pcode",0,0,0,0,0,0,0,0,0,0,0,0
"60ae9d12-f560-48414d-999e9c-e3682db4f51c","a1_2","governorate_pcode","district_pcode",0,0,0,0,0,0,0,1,0,0,0,0
"5493d1ce-7820-454d49-b8b9b2-524c87af0d1b","a1_4","governorate_pcode","district_pcode",1,0,0,0,0,0,0,0,0,0,0,0
"ec6019d5-1fd5-494842-959094-435ec2860f9b","a1_3","governorate_pcode","district_pcode",0,0,0,0,0,0,0,0,0,0,0,0
"e15d829b-b4a2-404741-beb8b9-c90e3b2a67fd","a1_1","governorate_pcode","district_pcode",0,0,0,0,0,0,0,0,0,0,0,0
"c9861702-02ca-4a4946-808d8c-bda028631ec9","a1_1","governorate_pcode","district_pcode",1,0,0,0,0,0,0,0,0,0,0,0
"05b6d3f4-0923-444a49-9b9e9d-f7315de0826a","a1_5","governorate_pcode","district_pcode",0,0,0,0,0,1,0,0,0,0,0,0
"a6721d0e-83b4-434b49-b5b3be-5bf0d687a4c3","a1_5","governorate_pcode","district_pcode",0,0,0,0,0,0,0,0,0,0,0,0
"0d92b851-e07f-43464c-90919e-02b56148cf37","a1_2","governorate_pcode","district_pcode",1,0,0,0,0,0,0,1,0,0,0,0
"b68ea910-de6a-414c43-818a80-0b482fa519dc","a1_5","governorate_pcode","district_pcode",0,0,0,0,0,0,0,0,0,0,0,0
"ce72b534-3948-474645-a7a3a0-98f64be7dca5","a1_5","governorate_pcode","district_pcode",0,0,0,0,0,0,0,0,0,0,0,0
"c76fa504-f3a0-44454e-87858b-a4ef136729dc","a1_5","governorate_pcode","district_pcode",0,0,0,0,0,0,0,0,0,0,0,0
"da539b0e-53da-4e4245-959498-9f2d76c84ab0","a1_2","governorate_pcode","district_pcode",0,0,0,0,0,0,0,1,0,0,0,1
"9ec8ad71-db5e-404542-868388-b7945e80d61a","a1_2","governorate_pcode","district_pcode",0,0,0,0,0,0,0,1,0,0,0,0
"91562ce8-0dfb-4b4d4f-b1b6ba-a9d301648fe2","a1_5","governorate_pcode","district_pcode",0,0,0,0,0,0,0,0,0,0,0,0
"5ec67db2-96c7-4f474c-a1a0af-25f409d7e3ac","a1_5","governorate_pcode","district_pcode",0,0,0,0,0,0,0,0,0,0,0,0
"d682f5ea-16d7-4d4c44-aba2a8-d8c192a47f63","a1_3","governorate_pcode","district_pcode",0,0,0,0,0,0,0,0,0,0,0,1
"29d6e54b-8e72-4a4244-b9b3bb-8dbe5679341c","a1_1","governorate_pcode","district_pcode",0,0,0,0,0,0,1,0,0,0,0,0
"d035b81e-860f-4a444c-848b8a-f1e39c062ab5","a1_1","governorate_pcode","district_pcode",0,0,0,0,0,0,0,0,0,0,0,0
"927840b3-cd31-4f474e-b8b7b1-06cad45eb891","a1_4","governorate_pcode","district_pcode",0,0,0,0,0,0,0,0,0,0,0,1
"2a80c476-c25d-434442-bfbcb7-f6a7b841953d","a1_2","governorate_pcode","district_pcode",0,0,0,0,0,0,0,1,0,0,0,0
"3cf56b47-7f63-45434d-b2bbb1-604ab852cf9e","a1_4","governorate_pcode","district_pcode",1,0,0,0,0,0,0,0,0,0,0,0
"a90ec86d-5bd7-454b41-b6b8bf-98d4f537c16a","a1_2","governorate_pcode","district_pcode",0,0,0,0,0,0,0,1,0,0,0,0
"40bf3ae9-1a46-4d4342-9d9694-d56b3a819f0e","a1_3","governorate_pcode","district_pcode",0,0,0,0,0,0,0,0,0,0,0,0
"53de709b-7fb4-454849-8b808f-15e6a8f7b093","a1_4","governorate_pcode","district_pcode",0,0,1,0,0,1,0,0,0,0,0,0
"cf150d48-a085-4f4c45-a8a3a4-04dce2b83615","a1_1","governorate_pcode","district_pcode",0,0,0,0,0,0,1,0,0,0,0,0
"cfe6d573-82b0-4c434d-82898b-a5e06f98b3d7","a1_4","governorate_pcode","district_pcode",1,0,0,0,0,0,0,0,0,0,0,0
"35c429e0-0d7e-45404c-9f9e94-7db8e190f542","a1_5","governorate_pcode","district_pcode",0,0,0,0,0,0,0,0,0,0,0,0
"87d0b432-74af-474d4b-898a83-ec2a98f45b71","a1_1","governorate_pcode","district_pcode",0,0,0,0,0,0,0,0,0,0,0,0
"69fce53d-146b-464b41-83828b-5e0b74d1629c","a1_4","governorate_pcode","district_pcode",0,0,0,0,0,0,0,0,0,0,0,0
"1c5389a7-c28e-424f4e-a9a4ab-31e42cb0869a","a1_4","governorate_pcode","district_pcode",0,0,0,0,0,0,0,0,0,0,0,0
"f7bc0235-05d6-484541-929e98-216380c9be5a","a1_1","governorate_pcode","district_pcode",0,0,0,0,0,0,0,0,0,0,0,0
"8ca1e75f-bf3c-4c484f-bbb1b4-f56c92d8041a","a1_1","governorate_pcode","district_pcode",0,0,0,0,0,0,0,0,0,0,0,0
"10f5c7a6-2c60-444643-8f8485-b2a6e897f01c","a1_1","governorate_pcode","district_pcode",0,0,0,0,0,1,0,0,0,0,0,0
"6a3018e4-a26d-464148-969f9e-37da5cb12690","a1_3","governorate_pcode","district_pcode",0,0,0,0,0,0,1,0,0,0,0,0
"bef58307-2d73-414043-99979b-9f5e768cb420","a1_1","governorate_pcode","district_pcode",0,0,0,0,0,0,0,0,0,0,0,0
"a06d874e-e0ab-454e4c-909693-18d97b4306fc","a1_5","governorate_pcode","district_pcode",0,0,0,1,0,0,0,0,0,0,0,0
"358d6a9f-a93e-454342-b7b2b1-b6a1230475d8","a1_3","governorate_pcode","district_pcode",0,0,0,0,0,0,0,0,0,0,0,1
"72eb843c-12cd-444946-b7bdb5-ca7403916bd2","a1_5","governorate_pcode","district_pcode",1,0,0,0,0,0,0,0,0,0,0,0
"d84a2bec-9cfe-46434d-92969e-8a61d742905e","a1_3","governorate_pcode","district_pcode",0,0,0,0,0,0,0,0,0,0,0,0
"3d2fec40-3a2b-4b4245-949a9c-7f5a923d41e6","a1_2","governorate_pcode","district_pcode",0,0,0,0,0,0,0,1,0,0,0,0
"3f89e4c1-4f86-494c44-a2a5a8-6a1c0b483795","a1_3","governorate_pcode","district_pcode",0,0,0,0,1,0,0,0,0,1,0,0
"a50ef821-3105-46434a-bbb4b0-c3be982d6a71","a1_1","governorate_pcode","district_pcode",0,0,0,0,0,0,0,0,0,0,0,0
"ae46bc7d-2350-4a4b40-bab5b0-526ed0b1a483","a1_1","governorate_pcode","district_pcode",0,0,0,0,0,0,0,0,0,0,0,0
"d95ce78b-8d95-404243-b0b7ba-d2734b8fea1c","a1_1","governorate_pcode","district_pcode",0,0,1,1,1,0,0,0,0,0,0,0
"be5acf62-9a65-484e43-8a8381-6de9c4b51f72","a1_1","governorate_pcode","district_pcode",0,0,0,0,0,0,0,0,0,0,1,0
"4870a65f-7c95-404f44-b6bcba-3d20f1eb967a","a1_2","governorate_pcode","district_pcode",0,0,0,0,1,0,0,1,0,0,0,1
"b64e13a2-8a54-404441-b2bab8-cd0f63254819","a1_1","governorate_pcode","district_pcode",0,0,0,0,0,0,1,0,0,0,0,0
"25c06d7b-ba60-494243-828f86-05fd23e6c149","a1_4","governorate_pcode","district_pcode",0,0,0,0,0,0,0,0,0,0,0,0
"e2b0569c-4852-4f4148-808a83-e4208f3b1d95","a1_4","governorate_pcode","district_pcode",1,0,0,0,0,0,0,0,0,0,0,0
"f064721c-f491-45404f-a7aba4-0a79c345126d","a1_4","governorate_pcode","district_pcode",0,0,0,0,0,0,0,0,0,0,0,0
"40eabf17-1596-40424a-838c8b-cf4ea1d08923","a1_4","governorate_pcode","district_pcode",1,0,0,0,0,0,0,0,0,0,0,0
"934501db-4035-424045-818e87-2be9657c183f","a1_2","governorate_pcode","district_pcode",0,0,0,0,0,0,0,1,0,0,0,0
"d98b1325-feb0-434042-b2b3b6-6a5c824edbf1","a1_2","governorate_pcode","district_pcode",0,0,0,0,0,0,0,1,0,0,0,0
"2d60ab8c-8659-48404f-969497-b097d625f8e1","a1_1","governorate_pcode","district_pcode",1,0,0,0,0,0,0,0,0,0,0,0
"a3b47d82-768b-454e42-ada4af-15aef0d37462","a1_1","governorate_pcode","district_pcode",0,0,0,0,0,0,0,0,0,0,0,0
"3149fb7e-4132-41484e-8b898e-587df3ae2c4b","a1_5","governorate_pcode","district_pcode",0,0,0,0,0,0,0,0,0,0,0,0
"f7acde04-5ad0-434c4f-9d9990-f926c38471db","a1_1","governorate_pcode","district_pcode",0,0,0,0,0,0,0,0,0,0,0,0
"ce9a1532-592a-4f4c4a-929798-a623f40bcd81","a1_2","governorate_pcode","district_pcode",0,0,0,0,0,1,0,1,0,0,0,0
"06e13d27-941e-42474d-949f97-d78fb436ce10","a1_3","governorate_pcode","district_pcode",0,0,0,0,0,0,0,0,0,0,0,0
"a3cd7854-856a-494045-8c8a87-0b26afd498e7","a1_5","governorate_pcode","district_pcode",0,0,0,0,0,0,0,0,0,0,0,0
"5f02918d-8673-4b4e4d-b5bdb4-3874d05c2e96","a1_4","governorate_pcode","district_pcode",0,0,0,0,0,0,0,0,0,0,0,0
"412e7cb0-247b-404547-82848b-69fe1c08b275","a1_2","governorate_pcode","district_pcode",1,0,0,0,0,0,0,1,0,0,0,0
"d72913af-03c5-454b43-868f8c-1f796c5b83ad","a1_4","governorate_pcode","district_pcode",1,0,0,0,0,0,0,0,0,0,0,0
"ecb18532-d42b-464a47-8f8983-8f3a4627c9db","a1_2","governorate_pcode","district_pcode",0,0,0,0,0,0,0,1,0,0,0,0
"7d29546f-1cf6-444b4c-aaada5-3f169b45e78d","a1_3","governorate_pcode","district_pcode",0,0,0,0,0,0,0,0,0,0,0,0
"23c0db87-ae4b-4f4e45-b6b7bb-db97541e3a0f","a1_3","governorate_pcode","district_pcode",0,0,0,0,0,0,0,0,0,0,0,0
"cdf92ba8-a530-4c4f49-9e9f98-943cb1af5780","a1_1","governorate_pcode","district_pcode",0,0,0,0,0,0,0,0,0,0,0,0
"62f84d1c-e8ba-4b4f43-b1b4bc-6a57be0cd289","a1_5","governorate_pcode","district_pcode",0,0,0,0,0,0,0,0,0,0,0,0
"5184b7d0-9678-4f4544-9b9c95-b431058697df","a1_2","governorate_pcode","district_pcode",0,0,0,0,0,0,0,1,0,0,0,0
"c8b234a9-a97d-484147-868f89-27d1ea5839cf","a1_3","governorate_pcode","district_pcode",1,0,0,0,1,0,0,0,0,0,0,0
"12da395e-f031-404c4f-818283-0c9e5314dafb","a1_1","governorate_pcode","district_pcode",0,0,0,0,0,0,0,0,0,0,0,0
"dc76812f-8947-48434d-aba1a3-97e2ca518304","a1_5","governorate_pcode","district_pcode",0,0,0,0,0,0,0,0,0,0,1,0
"3154cfed-0136-4c4f42-a0aea3-609ac24713d5","a1_1","governorate_pcode","district_pcode",0,0,0,0,0,0,0,0,0,0,0,0
"5fb8ea73-1c46-48414d-888f84-4b865adfc213","a1_3","governorate_pcode","district_pcode",0,0,0,0,0,0,0,0,0,0,0,0
"401a5f92-e053-464e4b-b4bab2-932fb08e16a4","a1_1","governorate_pcode","district_pcode",0,0,0,0,0,0,0,0,0,0,0,0
"40f83915-efbd-434c4e-888587-0c5edf714983","a1_1","governorate_pcode","district_pcode",0,0,0,0,1,0,0,0,0,0,0,0
"c87f4eb0-b1af-404b49-868a8d-40bf15ac83e2","a1_5","governorate_pcode","district_pcode",0,0,0,0,0,0,0,0,0,0,0,0
"a461cd37-cfb6-4d4e48-9c9596-235ced06f174","a1_5","governorate_pcode","district_pcode",0,0,0,1,0,1,0,0,0,0,0,0
"a5f906b7-3fe8-4f404a-abacad-a89f537eb06d","a1_1","governorate_pcode","district_pcode",0,0,0,0,0,0,0,0,0,0,1,0
"7bc4a693-1b94-45404a-989b90-cd43286fea19","a1_4","governorate_pcode","district_pcode",0,0,0,0,0,0,0,0,0,0,0,0
"28fab601-f41b-4d4041-a1a2a4-be90a48fc1d5","a1_3","governorate_pcode","district_pcode",1,0,0,0,0,1,1,0,0,0,0,0
"c618a70d-fde4-424d44-898e8a-8614dbca2739","a1_5","governorate_pcode","district_pcode",1,0,0,0,0,0,0,0,0,0,0,0
"b325ce8d-3180-494f44-939b9a-b934edfa056c","a1_2","governorate_pcode","district_pcode",1,0,1,0,0,0,0,1,0,0,0,0
"f4630218-abdc-4e4142-85888f-849e0f67a23d","a1_5","governorate_pcode","district_pcode",0,0,0,0,0,0,0,0,0,0,0,0
"f38cdb12-4b9e-444842-8b8683-3425c8d6f7ba","a1_5","governorate_pcode","district_pcode",0,0,0,0,0,0,0,0,0,0,0,0
"ec8742df-f76b-4a4f47-9b9492-06eb98f17d43","a1_1","governorate_pcode","district_pcode",0,0,0,0,1,0,0,0,0,0,0,0
"40678fbd-d0ab-424649-848380-1ab6cd54023f","a1_3","governorate_pcode","district_pcode",0,0,0,0,0,0,0,0,0,0,0,0
"87d3b0f2-9738-44494c-a6a1a9-b7f93a481e50","a1_5","governorate_pcode","district_pcode",0,0,0,0,0,0,0,0,0,0,0,0
"cad41f57-bf07-434f45-a2a3a0-ef36189c0725","a1_1","governorate_pcode","district_pcode",0,0,0,0,1,0,0,0,0,0,0,0
"6a5370eb-be35-444946-818a84-9a32f40658e7","a1_1","governorate_pcode","district_pcode",0,0,0,1,0,0,1,0,0,0,0,1
"5fd802b9-10d6-4f4b45-b8b5b3-b693c457fad2","a1_2","governorate_pcode","district_pcode",0,0,0,1,0,0,0,1,0,0,0,0
"e2b05784-e273-4c4548-848281-f32b4917c0ed","a1_2","governorate_pcode","district_pcode",0,0,0,0,0,0,1,1,0,0,0,0
"c763ba5d-430b-404144-b5b0b4-ed019a87c462","a1_1","governorate_pcode","district_pcode",0,0,0,0,1,0,0,0,0,0,0,0
"da067b8c-bc4f-464543-8e8d88-506217fab39e","a1_5","governorate_pcode","district_pcode",0,0,0,0,0,0,0,0,0,0,0,0
"f287139e-e7c5-4f404e-b5b7b3-0c7f1a2eb354","a1_3","governorate_pcode","district_pcode",0,0,0,0,0,0,0,0,0,0,0,0
"be0681f4-b978-434f48-848988-c025ef74a613","a1_4","governorate_pcode","district_pcode",0,0,0,0,0,0,0,0,0,0,0,0
"c3271efb-938e-45494e-909a9d-4fbde5c0a792","a1_5","governorate_pcode","district_pcode",0,0,0,0,0,0,0,0,0,0,0,0
"5c218e36-c4af-4d4145-a5a3a2-7b8cafd35169","a1_2","governorate_pcode","district_pcode",0,0,0,0,0,0,0,1,0,0,0,0
"51acdef4-708f-4c4b42-b5b3be-ecd3172b809f","a1_2","governorate_pcode","district_pcode",0,0,0,0,0,0,0,1,0,0,0,0
"03df79c6-bd13-484945-b2b6ba-ad49c356f817","a1_3","governorate_pcode","district_pcode",1,0,0,0,0,0,0,0,0,0,0,0
"3c1fd2ba-14de-454a4d-808f81-d369b7a4f0e1","a1_2","governorate_pcode","district_pcode",0,0,0,0,0,1,0,1,0,0,0,0
"617bdc34-67d9-48474a-9f9b9d-85bd9ea1602f","a1_4","governorate_pcode","district_pcode",0,0,0,0,0,0,1,0,0,0,0,0
"9e0cd837-e54d-444946-b7b1b8-76cad1f90432","a1_1","governorate_pcode","district_pcode",0,0,0,0,0,0,0,0,0,0,0,0
"f3961e0d-92ec-4e4c40-bdbfb4-95e780d321bf","a1_2","governorate_pcode","district_pcode",1,0,0,0,0,0,0,1,0,0,0,0
"49a65c73-1eca-454a4d-87838d-f290e381dc6a","a1_2","governorate_pcode","district_pcode",0,0,0,0,0,0,0,1,0,0,0,0
"eb172d3f-ca87-484547-82838b-eb879facd506","a1_5","governorate_pcode","district_pcode",0,0,0,0,0,0,1,0,0,0,0,0
"b5f6ca8e-1fca-484c4e-8c8f89-dace2b096351","a1_1","governorate_pcode","district_pcode",0,0,0,0,0,0,0,0,0,0,0,0
"a4c60391-5e32-4c4d4b-beb6bf-7abde016f389","a1_1","governorate_pcode","district_pcode",0,0,0,0,0,0,0,0,0,0,1,0
"0acd75e2-234e-4d4c48-9e9998-eaf5970d4216","a1_1","governorate_pcode","district_pcode",1,0,0,0,0,0,0,0,0,0,0,0
"fc879a03-1fc3-444146-a5a8a9-10473eac95f2","a1_4","governorate_pcode","district_pcode",0,0,0,0,0,0,0,0,0,0,0,0
"a706b425-7fe6-494645-bbb9b7-0ea69d28153c","a1_3","governorate_pcode","district_pcode",0,0,0,0,0,0,0,0,0,0,0,0
"b6753afe-78e2-484149-9c969f-71fd4c2a09e3","a1_2","governorate_pcode","district_pcode",1,0,0,0,0,0,0,1,0,0,0,0
"d79fc8e6-0f1b-4d4946-b1bab4-0ec76a319b58","a1_4","governorate_pcode","district_pcode",0,0,0,0,0,0,0,0,0,0,0,1
"ab60258c-3e17-464b4e-888182-7fd61ab35e82","a1_2","governorate_pcode","district_pcode",0,0,0,0,0,0,0,1,0,0,0,0
"5a183064-f3b7-47404e-959c98-12b59e80daf6","a1_2","governorate_pcode","district_pcode",0,0,0,0,0,0,1,1,0,0,0,0
"703cf946-fe14-494f4a-84818d-d92efb835170","a1_3","governorate_pcode","district_pcode",0,0,0,0,0,0,0,0,0,0,0,0
"c19fd8a2-e873-4c4e45-bbb0bd-af5408b73d21","a1_5","governorate_pcode","district_pcode",0,0,0,0,0,0,1,0,0,0,0,0
"ad1789fb-85f4-464041-9d9e91-6b07a2539cf1","a1_1","governorate_pcode","district_pcode",0,0,0,0,0,0,0,0,0,0,0,0
"0b6327f9-597e-4d4340-838e8f-a1e42c036b97","a1_2","governorate_pcode","district_pcode",0,0,0,0,0,0,0,1,0,0,0,0
"e2bcf9a7-7c31-4a4d46-b0bab1-3dc1042685be","a1_2","governorate_pcode","district_pcode",0,0,0,0,0,0,0,1,0,0,0,0
"d97fc082-c9d8-444742-9a999d-e53c6d94ab8f","a1_4","governorate_pcode","district_pcode",0,0,0,0,0,0,0,0,0,0,0,0
"a9b2d730-21ab-404744-b3bcb5-da25309b678c","a1_1","governorate_pcode","district_pcode",0,0,0,0,0,0,0,0,0,1,0,0
"a4d1756b-41ed-4e444f-858c8f-81a95f0c6d24","a1_2","governorate_pcode","district_pcode",0,0,0,1,0,0,0,1,0,0,0,0
"02b4978a-a924-4e414f-a2adab-dac92e016375","a1_4","governorate_pcode","district_pcode",0,0,0,0,0,0,0,0,0,0,0,0
"4ce7a895-acb6-4b424e-9b9c92-f32bd807a946","a1_2","governorate_pcode","district_pcode",0,0,0,0,0,0,0,1,0,0,0,0
"795db8fe-7b9f-4e4146-bab3b1-a1527e4bc0f6","a1_4","governorate_pcode","district_pcode",1,0,0,0,0,0,0,0,0,0,0,0
"50d89ae2-df91-474f48-a5a8ae-869a71d2b4e0","a1_3","governorate_pcode","district_pcode",0,0,0,0,0,0,0,0,0,0,0,0
"589a0cb6-24ce-4c4046-9b9092-f29a37db0816","a1_5","governorate_pcode","district_pcode",0,0,1,0,0,0,0,0,0,0,0,0
"c48b106d-aeb4-414347-aaa1a5-9b6a7452fe13","a1_1","governorate_pcode","district_pcode",0,0,0,0,0,0,0,0,0,0,0,0
"3ce08baf-82c3-414048-979296-4291dce3a56b","a1_4","governorate_pcode","district_pcode",1,0,0,0,0,0,0,0,0,0,0,0
"b9c4651d-b31e-4e4a47-bdbabf-3df15ec04a78","a1_2","governorate_pcode","district_pcode",0,0,0,0,0,0,0,1,0,0,0,0
"7168c43d-6cd5-484449-949d93-5cf9d8701e32","a1_3","governorate_pcode","district_pcode",0,0,0,0,0,0,0,0,0,0,0,0
"f1504d38-a7f9-46454c-b9b8b6-72c905bae84f","a1_4","governorate_pcode","district_pcode",0,0,0,0,0,0,0,0,0,0,0,0
"57a1cd23-89ea-47414c-838c84-40392bae56d1","a1_4","governorate_pcode","district_pcode",0,0,0,0,0,0,0,0,0,0,1,0
"821ca64e-7ced-49474b-bbb9b5-6135fdcba42e","a1_4","governorate_pcode","district_pcode",0,0,0,0,0,0,0,0,0,0,0,0
"c2fe6b05-6754-49444e-a7aca4-876c350bfe1a","a1_3","governorate_pcode","district_pcode",0,0,0,0,0,0,0,0,0,0,0,0
"b15760fa-9de6-41464f-989c90-a36f5b948d71","a1_2","governorate_pcode","district_pcode",0,0,0,0,0,0,0,1,0,0,0,0
"1a863bf7-b215-4e4a44-949a98-8e62a047d1bf","a1_5","governorate_pcode","district_pcode",0,0,0,0,0,0,1,0,0,0,0,0
"63c504b8-c648-454d4c-a5a4a6-a2f5e319487c","a1_1","governorate_pcode","district_pcode",0,0,0,0,0,0,0,0,0,0,0,0
"5c6f0a9b-57ab-474d40-828388-a462f50c37db","a1_4","governorate_pcode","district_pcode",0,0,0,0,0,0,0,0,0,0,0,0
"0415ad2b-ed31-494d4f-989795-12346bad0857","a1_1","governorate_pcode","district_pcode",0,0,0,0,0,0,0,0,0,0,0,0
"deba2075-3fd5-434c49-a7aea6-425d7f03c619","a1_3","governorate_pcode","district_pcode",0,0,0,0,0,0,0,0,0,0,0,0
"a9e270dc-b638-4e4147-82838e-bc5934d021f8","a1_2","governorate_pcode","district_pcode",1,0,0,0,0,0,0,1,0,0,0,1
"9146cfb8-139f-4a434c-aaa1ae-5f83629bc174","a1_4","governorate_pcode","district_pcode",0,0,0,0,0,0,0,0,0,0,0,0
"2c5d3ae8-4208-40474b-848b88-52d3047cb9f6","a1_3","governorate_pcode","district_pcode",1,0,0,0,0,0,0,0,0,1,0,0
"0b4e192c-c654-4a4b42-b4b3b8-729c0b1dea63","a1_3","governorate_pcode","district_pcode",0,0,0,0,0,0,0,0,0,0,0,0
"97c251fb-d50b-454a43-afaba4-7589e6b0a41f","a1_1","governorate_pcode","district_pcode",0,0,0,0,0,0,0,0,0,0,0,0
"3c1d2fe0-6c05-4e4446-bcb5b7-f7eb2c193d40","a1_2","governorate_pcode","district_pcode",1,0,0,0,0,0,0,1,0,0,0,0
"f7a6349d-dcae-444d4c-989a9b-37cd1e08a92f","a1_1","governorate_pcode","district_pcode",0,0,0,0,1,0,0,0,0,0,0,0
"3d7f216e-5fd0-4e494f-86878f-d92c4e0a7136","a1_2","governorate_pcode","district_pcode",0,0,0,0,0,0,0,1,0,0,0,0
"4ce60a2f-d3fe-4b404e-a0a8ae-cd91046fa27b","a1_1","governorate_pcode","district_pcode",0,0,0,0,0,0,0,0,0,0,0,0
"92f61804-693d-41474b-bdbcb0-e5a482df0319","a1_4","governorate_pcode","district_pcode",0,0,0,0,0,0,0,0,0,0,0,0
"3671c450-b2cd-454e4b-878284-5ba3268d9c4e","a1_4","governorate_pcode","district_pcode",0,0,0,0,0,0,0,0,0,0,0,0
"2f8a69e1-4072-404344-bfb5b6-df6b45a0e239","a1_3","governorate_pcode","district_pcode",0,0,0,0,0,0,0,0,0,0,0,0
"2fa981be-714f-4d4b41-8a8882-ed970f231c5a","a1_1","governorate_pcode","district_pcode",0,0,0,0,0,0,0,0,0,0,0,0
"58c3e694-f8e0-404f49-8b8f81-c7f9d58062e1","a1_1","governorate_pcode","district_pcode",0,0,0,0,0,0,0,0,0,0,0,0
"fb42c018-2fa0-4a464c-949a98-df82c5b4637e","a1_5","governorate_pcode","district_pcode",0,0,0,0,0,0,0,0,0,0,0,0
"5d09142c-94c8-424d48-b1bfb3-619ebac87f20","a1_3","governorate_pcode","district_pcode",0,0,0,0,0,0,0,0,0,0,0,1
"56cfe3a7-e49c-484045-90989d-32da8709b54e","a1_2","governorate_pcode","district_pcode",0,0,0,0,0,0,0,1,0,0,0,0
"2b14c9fe-fa58-49404f-94979c-e659482abfd7","a1_5","governorate_pcode","district_pcode",0,0,1,0,0,0,0,0,0,0,0,0
"e6520193-57d9-424f48-80888a-381c9fa45026","a1_1","governorate_pcode","district_pcode",1,0,0,0,0,0,0,0,0,0,0,0
"370928d6-b2c3-48464a-b4b2b6-243706cbda81","a1_3","governorate_pcode","district_pcode",1,0,0,0,0,0,0,0,0,0,0,0
"89340e5c-693a-494245-8a8487-3e6bac4f5127","a1_5","governorate_pcode","district_pcode",0,0,0,0,0,0,0,0,0,0,0,0
"6913dc07-2f9b-414749-898388-37bac61fd8e0","a1_1","governorate_pcode","district_pcode",0,0,0,0,0,0,0,0,0,0,0,0
"e0a6c842-d58c-424d4f-8b8889-b4691eac8370","a1_4","governorate_pcode","district_pcode",0,0,0,0,0,0,0,0,0,0,0,0
"2aedbcf5-054d-4c4a47-b7b1bd-26c8a437b0e1","a1_1","governorate_pcode","district_pcode",1,0,0,0,0,0,1,0,0,0,0,0
"71b0a9f8-56ea-494844-afaeab-f2465cdae98b","a1_5","governorate_pcode","district_pcode",0,0,0,0,0,0,0,0,0,0,0,0
"ae05c796-fd9b-40484e-969097-d528f01e9a3c","a1_1","governorate_pcode","district_pcode",0,0,0,0,0,0,0,0,0,0,0,0
"014af75c-be1f-404547-909593-0b692a1743f8","a1_3","governorate_pcode","district_pcode",1,0,0,0,0,0,0,0,0,0,0,0
"37da109e-5df4-454a43-b4b9b2-42b786acf3d1","a1_2","governorate_pcode","district_pcode",0,0,0,0,0,0,0,1,0,0,0,0
"3a68bf52-a7e1-45444c-a0a3a4-465fa807d19c","a1_3","governorate_pcode","district_pcode",0,0,0,0,0,0,0,0,0,1,0,0
"6fc5a807-ad3b-43454f-919c9b-b062f1ad3ce5","a1_4","governorate_pcode","district_pcode",0,0,0,0,0,0,0,0,0,0,0,0
"321b0afc-62bd-4d4346-a2a3a8-3eba4f671589","a1_1","governorate_pcode","district_pcode",0,0,0,0,0,0,0,0,0,0,0,0
"94027d38-a8f9-414b42-858b88-603ec9baf184","a1_3","governorate_pcode","district_pcode",0,0,0,0,1,0,0,0,0,0,0,0
"be32f0a5-38e5-454048-959a9d-1a34dbf79ec0","a1_5","governorate_pcode","district_pcode",0,0,0,0,0,0,0,0,0,0,0,0
"e682f70d-d861-404748-bbb6b9-f450ab213d96","a1_3","governorate_pcode","district_pcode",1,0,0,0,0,0,0,0,0,0,0,0
"d1e6c28a-6c54-4d4146-939d94-5789bf132ec0","a1_4","governorate_pcode","district_pcode",0,0,0,0,0,0,0,0,0,0,0,0
"391e6c70-cab7-414544-8e8084-76edf5921b8a","a1_3","governorate_pcode","district_pcode",1,0,0,0,0,0,0,0,0,0,0,0
"901d87b5-e6f0-48474e-868385-e658270cba13","a1_4","governorate_pcode","district_pcode",0,0,0,0,0,0,0,0,0,0,0,0
"c0bf1694-5f34-4c4046-a6abae-fae20d697813","a1_1","governorate_pcode","district_pcode",0,0,0,0,0,0,0,0,0,0,0,0
"a5f39b82-37f8-464b47-9f9a98-b87e6a9042c1","a1_3","governorate_pcode","district_pcode",0,0,1,0,0,0,0,0,0,0,0,0
"37be0f85-312e-4f4049-b3bfba-259c0f7a834b","a1_1","governorate_pcode","district_pcode",0,0,0,0,0,0,0,0,0,0,0,0
"632dbc75-4fcb-44424d-949097-ce7910ab34f5","a1_4","governorate_pcode","district_pcode",0,0,0,0,0,0,0,0,0,0,0,0
"052483db-fa87-454840-9b9a97-bf2461793dc8","a1_3","governorate_pcode","district_pcode",0,0,1,0,0,0,0,0,0,0,0,0
"a389cd0f-2643-444e41-beb7b6-49ab6157efc3","a1_2","governorate_pcode","district_pcode",0,0,0,0,0,0,0,1,0,0,0,0
"36c2f5da-8eba-4b494d-8c8e81-8b42907653fe","a1_2","governorate_pcode","district_pcode",0,0,0,0,0,0,0,1,0,0,0,0
