uuid,A1_Metadata,A2_Metadata,A3_Metadata,description,quality_checks
09fe3a74-ec41-4f4245-818e86-e7809f45b316,a1_2,governorate_pcode,district_pcode,Invalid combination between C9_DisplacementStatus (short term mouvement intentions) & C10_DisplacmentStatus (long term mouvement intentions),"C9_DisplacementStatus == ""c9_10_1"" & C10_DisplacementStatus == ""c9_10_2"" "
ba48e6c1-6c49-4c4749-bfb1b5-21fa3b085dec,a1_4,governorate_pcode,district_pcode,Invalid combination between C9_DisplacementStatus (short term mouvement intentions) & C10_DisplacmentStatus (long term mouvement intentions),"C9_DisplacementStatus == ""c9_10_1"" & C10_DisplacementStatus == ""c9_10_2"" "
79eb68a4-9fa1-4c4842-a6aeaa-461fde7c5b82,a1_3,governorate_pcode,district_pcode,Invalid combination between C9_DisplacementStatus (short term mouvement intentions) & C10_DisplacmentStatus (long term mouvement intentions),"C9_DisplacementStatus == ""c9_10_1"" & C10_DisplacementStatus == ""c9_10_2"" "
5f9d4762-67f9-424d46-b6b5b9-dea4c76fb512,a1_2,governorate_pcode,district_pcode,Invalid combination between C9_DisplacementStatus (short term mouvement intentions) & C10_DisplacmentStatus (long term mouvement intentions),"C9_DisplacementStatus == ""c9_10_1"" & C10_DisplacementStatus == ""c9_10_2"" "
7b548036-6c79-47484b-9f9695-b5e71d0328fc,a1_4,governorate_pcode,district_pcode,Invalid combination between C9_DisplacementStatus (short term mouvement intentions) & C10_DisplacmentStatus (long term mouvement intentions),"C9_DisplacementStatus == ""c9_10_1"" & C10_DisplacementStatus == ""c9_10_2"" "
932508cb-12f4-424c49-848983-2f96138dce4b,a1_3,governorate_pcode,district_pcode,Invalid combination between C9_DisplacementStatus (short term mouvement intentions) & C10_DisplacmentStatus (long term mouvement intentions),"C9_DisplacementStatus == ""c9_10_1"" & C10_DisplacementStatus == ""c9_10_2"" "
da6104e5-75af-4c4b44-a0a2ae-e12057fa893d,a1_5,governorate_pcode,district_pcode,Invalid combination between C9_DisplacementStatus (short term mouvement intentions) & C10_DisplacmentStatus (long term mouvement intentions),"C9_DisplacementStatus == ""c9_10_1"" & C10_DisplacementStatus == ""c9_10_2"" "
34ae79fc-d845-494443-9c9996-2b581cfae04d,a1_3,governorate_pcode,district_pcode,Invalid combination between C9_DisplacementStatus (short term mouvement intentions) & C10_DisplacmentStatus (long term mouvement intentions),"C9_DisplacementStatus == ""c9_10_1"" & C10_DisplacementStatus == ""c9_10_2"" "
1ab6840d-36e1-404d44-97969f-d03fe49ca561,a1_1,governorate_pcode,district_pcode,Invalid combination between C9_DisplacementStatus (short term mouvement intentions) & C10_DisplacmentStatus (long term mouvement intentions),"C9_DisplacementStatus == ""c9_10_1"" & C10_DisplacementStatus == ""c9_10_2"" "
e856b2af-62f1-41454e-9a9490-639f54cea07d,a1_3,governorate_pcode,district_pcode,Invalid combination between C9_DisplacementStatus (short term mouvement intentions) & C10_DisplacmentStatus (long term mouvement intentions),"C9_DisplacementStatus == ""c9_10_1"" & C10_DisplacementStatus == ""c9_10_2"" "
842c06b1-b6fc-434847-a0aaa2-f0193e75a6c4,a1_3,governorate_pcode,district_pcode,Invalid combination between C9_DisplacementStatus (short term mouvement intentions) & C10_DisplacmentStatus (long term mouvement intentions),"C9_DisplacementStatus == ""c9_10_1"" & C10_DisplacementStatus == ""c9_10_2"" "
83df627c-67f5-464a4f-818b8a-bd19560fec23,a1_1,governorate_pcode,district_pcode,Invalid combination between C9_DisplacementStatus (short term mouvement intentions) & C10_DisplacmentStatus (long term mouvement intentions),"C9_DisplacementStatus == ""c9_10_1"" & C10_DisplacementStatus == ""c9_10_2"" "
0213695a-38c4-4a4649-959b9d-f740c31d69ae,a1_2,governorate_pcode,district_pcode,Invalid combination between C9_DisplacementStatus (short term mouvement intentions) & C10_DisplacmentStatus (long term mouvement intentions),"C9_DisplacementStatus == ""c9_10_1"" & C10_DisplacementStatus == ""c9_10_2"" "
fcd17953-268f-48404a-a6a1aa-40e692387db5,a1_4,governorate_pcode,district_pcode,Invalid combination between C9_DisplacementStatus (short term mouvement intentions) & C10_DisplacmentStatus (long term mouvement intentions),"C9_DisplacementStatus == ""c9_10_1"" & C10_DisplacementStatus == ""c9_10_2"" "
8d6cef2b-6387-464344-86848e-ba48e590173f,a1_4,governorate_pcode,district_pcode,Invalid combination between C9_DisplacementStatus (short term mouvement intentions) & C10_DisplacmentStatus (long term mouvement intentions),"C9_DisplacementStatus == ""c9_10_1"" & C10_DisplacementStatus == ""c9_10_2"" "
4082a561-d210-434244-999b9c-7c06d4f58a3b,a1_1,governorate_pcode,district_pcode,Invalid combination between C9_DisplacementStatus (short term mouvement intentions) & C10_DisplacmentStatus (long term mouvement intentions),"C9_DisplacementStatus == ""c9_10_1"" & C10_DisplacementStatus == ""c9_10_2"" "
0a1c2e4f-d816-484b41-b8b7b0-a14ed06fc78b,a1_4,governorate_pcode,district_pcode,Invalid combination between C9_DisplacementStatus (short term mouvement intentions) & C10_DisplacmentStatus (long term mouvement intentions),"C9_DisplacementStatus == ""c9_10_1"" & C10_DisplacementStatus == ""c9_10_2"" "
e57a601c-bd69-424f4d-a1aca5-7f8cbd06a245,a1_4,governorate_pcode,district_pcode,Invalid combination between C9_DisplacementStatus (short term mouvement intentions) & C10_DisplacmentStatus (long term mouvement intentions),"C9_DisplacementStatus == ""c9_10_1"" & C10_DisplacementStatus == ""c9_10_2"" "
8dc0314b-a72b-42464c-acada3-e5b490627dc1,a1_3,governorate_pcode,district_pcode,Invalid combination between C9_DisplacementStatus (short term mouvement intentions) & C10_DisplacmentStatus (long term mouvement intentions),"C9_DisplacementStatus == ""c9_10_1"" & C10_DisplacementStatus == ""c9_10_2"" "
4d60537f-84cb-454843-a2acad-516728e9adf4,a1_4,governorate_pcode,district_pcode,Invalid combination between C9_DisplacementStatus (short term mouvement intentions) & C10_DisplacmentStatus (long term mouvement intentions),"C9_DisplacementStatus == ""c9_10_1"" & C10_DisplacementStatus == ""c9_10_2"" "
cd06a357-3fa4-4c4f4b-8c8882-85da241730cb,a1_1,governorate_pcode,district_pcode,Invalid combination between C9_DisplacementStatus (short term mouvement intentions) & C10_DisplacmentStatus (long term mouvement intentions),"C9_DisplacementStatus == ""c9_10_1"" & C10_DisplacementStatus == ""c9_10_2"" "
24509f68-591c-434f49-8c8789-e4916fb38720,a1_1,governorate_pcode,district_pcode,Invalid combination between C9_DisplacementStatus (short term mouvement intentions) & C10_DisplacmentStatus (long term mouvement intentions),"C9_DisplacementStatus == ""c9_10_1"" & C10_DisplacementStatus == ""c9_10_2"" "
5907d3b1-3147-41494b-878380-0e43a57d6f1c,a1_4,governorate_pcode,district_pcode,Invalid combination between C9_DisplacementStatus (short term mouvement intentions) & C10_DisplacmentStatus (long term mouvement intentions),"C9_DisplacementStatus == ""c9_10_1"" & C10_DisplacementStatus == ""c9_10_2"" "
46f0ba9e-9725-4d4443-9b9890-058236e97b1f,a1_4,governorate_pcode,district_pcode,Invalid combination between C9_DisplacementStatus (short term mouvement intentions) & C10_DisplacmentStatus (long term mouvement intentions),"C9_DisplacementStatus == ""c9_10_1"" & C10_DisplacementStatus == ""c9_10_2"" "
ed50a163-3f92-444849-bbb9b1-6a98d0c75e41,a1_4,governorate_pcode,district_pcode,Invalid combination between C9_DisplacementStatus (short term mouvement intentions) & C10_DisplacmentStatus (long term mouvement intentions),"C9_DisplacementStatus == ""c9_10_1"" & C10_DisplacementStatus == ""c9_10_2"" "
39ef4827-9c47-48424f-a6a7a4-962e8ab03d45,a1_4,governorate_pcode,district_pcode,Invalid combination between C9_DisplacementStatus (short term mouvement intentions) & C10_DisplacmentStatus (long term mouvement intentions),"C9_DisplacementStatus == ""c9_10_1"" & C10_DisplacementStatus == ""c9_10_2"" "
7bd8320f-36e0-484647-878088-2afb581e9d76,a1_1,governorate_pcode,district_pcode,Invalid combination between C9_DisplacementStatus (short term mouvement intentions) & C10_DisplacmentStatus (long term mouvement intentions),"C9_DisplacementStatus == ""c9_10_1"" & C10_DisplacementStatus == ""c9_10_2"" "
a2845b31-4ac8-42434b-8e8980-0f2185bd9a7c,a1_2,governorate_pcode,district_pcode,Invalid combination between C9_DisplacementStatus (short term mouvement intentions) & C10_DisplacmentStatus (long term mouvement intentions),"C9_DisplacementStatus == ""c9_10_1"" & C10_DisplacementStatus == ""c9_10_2"" "
27e80a9d-de08-484f40-828d88-9f710ba345dc,a1_5,governorate_pcode,district_pcode,Invalid combination between C9_DisplacementStatus (short term mouvement intentions) & C10_DisplacmentStatus (long term mouvement intentions),"C9_DisplacementStatus == ""c9_10_1"" & C10_DisplacementStatus == ""c9_10_2"" "
7ab4269c-2ef0-4d4443-a1aaaf-295af4d78bc1,a1_4,governorate_pcode,district_pcode,Invalid combination between C9_DisplacementStatus (short term mouvement intentions) & C10_DisplacmentStatus (long term mouvement intentions),"C9_DisplacementStatus == ""c9_10_1"" & C10_DisplacementStatus == ""c9_10_2"" "
5ed74290-c543-424e45-85888a-562d71380ce4,a1_1,governorate_pcode,district_pcode,Invalid combination between C9_DisplacementStatus (short term mouvement intentions) & C10_DisplacmentStatus (long term mouvement intentions),"C9_DisplacementStatus == ""c9_10_1"" & C10_DisplacementStatus == ""c9_10_2"" "
d7ab3840-7cf9-424544-818e86-d84c67135ef2,a1_3,governorate_pcode,district_pcode,Invalid combination between C9_DisplacementStatus (short term mouvement intentions) & C10_DisplacmentStatus (long term mouvement intentions),"C9_DisplacementStatus == ""c9_10_1"" & C10_DisplacementStatus == ""c9_10_2"" "
29a4b50c-9bc6-4c4a45-939094-f0862c4d579e,a1_5,governorate_pcode,district_pcode,Invalid combination between C9_DisplacementStatus (short term mouvement intentions) & C10_DisplacmentStatus (long term mouvement intentions),"C9_DisplacementStatus == ""c9_10_1"" & C10_DisplacementStatus == ""c9_10_2"" "
7a9d63e4-7a83-40474c-bfb3b2-08e6193b7542,a1_2,governorate_pcode,district_pcode,Invalid combination between C9_DisplacementStatus (short term mouvement intentions) & C10_DisplacmentStatus (long term mouvement intentions),"C9_DisplacementStatus == ""c9_10_1"" & C10_DisplacementStatus == ""c9_10_2"" "
c5bf9840-5e63-494746-aeaaab-754e3cb16089,a1_5,governorate_pcode,district_pcode,Invalid combination between C9_DisplacementStatus (short term mouvement intentions) & C10_DisplacmentStatus (long term mouvement intentions),"C9_DisplacementStatus == ""c9_10_1"" & C10_DisplacementStatus == ""c9_10_2"" "
01f64ac2-21ec-4b444e-abafad-c40d61b3f928,a1_3,governorate_pcode,district_pcode,Invalid combination between C9_DisplacementStatus (short term mouvement intentions) & C10_DisplacmentStatus (long term mouvement intentions),"C9_DisplacementStatus == ""c9_10_1"" & C10_DisplacementStatus == ""c9_10_2"" "
95ca7d81-b164-43414b-b0b1b3-d4ca9f38b6e5,a1_1,governorate_pcode,district_pcode,Invalid combination between C9_DisplacementStatus (short term mouvement intentions) & C10_DisplacmentStatus (long term mouvement intentions),"C9_DisplacementStatus == ""c9_10_1"" & C10_DisplacementStatus == ""c9_10_2"" "
b0297a68-b3a1-4c4e48-88868e-4bd3896f5c7e,a1_3,governorate_pcode,district_pcode,Invalid combination between C9_DisplacementStatus (short term mouvement intentions) & C10_DisplacmentStatus (long term mouvement intentions),"C9_DisplacementStatus == ""c9_10_1"" & C10_DisplacementStatus == ""c9_10_2"" "
ec3b9627-40f5-4c4541-8b8486-2c87b3da6f45,a1_2,governorate_pcode,district_pcode,Invalid combination between C9_DisplacementStatus (short term mouvement intentions) & C10_DisplacmentStatus (long term mouvement intentions),"C9_DisplacementStatus == ""c9_10_1"" & C10_DisplacementStatus == ""c9_10_2"" "
a2471c03-1039-454d47-bcbdb5-f6941bce275d,a1_1,governorate_pcode,district_pcode,Invalid combination between C9_DisplacementStatus (short term mouvement intentions) & C10_DisplacmentStatus (long term mouvement intentions),"C9_DisplacementStatus == ""c9_10_1"" & C10_DisplacementStatus == ""c9_10_2"" "
be160284-5406-4d404b-aea6a5-643cdaf8971e,a1_2,governorate_pcode,district_pcode,Invalid combination between C9_DisplacementStatus (short term mouvement intentions) & C10_DisplacmentStatus (long term mouvement intentions),"C9_DisplacementStatus == ""c9_10_1"" & C10_DisplacementStatus == ""c9_10_2"" "
c529ab8f-0741-424e41-a6aba2-f1c25783a4e9,a1_5,governorate_pcode,district_pcode,Invalid combination between C9_DisplacementStatus (short term mouvement intentions) & C10_DisplacmentStatus (long term mouvement intentions),"C9_DisplacementStatus == ""c9_10_1"" & C10_DisplacementStatus == ""c9_10_2"" "
9ad7103b-b0ec-47444e-b3bebc-b65c03128947,a1_5,governorate_pcode,district_pcode,Invalid combination between C9_DisplacementStatus (short term mouvement intentions) & C10_DisplacmentStatus (long term mouvement intentions),"C9_DisplacementStatus == ""c9_10_1"" & C10_DisplacementStatus == ""c9_10_2"" "
68259adb-829e-434441-939192-f0724bec6d35,a1_1,governorate_pcode,district_pcode,Invalid combination between C9_DisplacementStatus (short term mouvement intentions) & C10_DisplacmentStatus (long term mouvement intentions),"C9_DisplacementStatus == ""c9_10_1"" & C10_DisplacementStatus == ""c9_10_2"" "
1b8af956-8763-404c4e-838e8d-063de95facb1,a1_5,governorate_pcode,district_pcode,Invalid combination between C9_DisplacementStatus (short term mouvement intentions) & C10_DisplacmentStatus (long term mouvement intentions),"C9_DisplacementStatus == ""c9_10_1"" & C10_DisplacementStatus == ""c9_10_2"" "
a1cb2854-826d-414644-b0bcb3-d8956ec7a31b,a1_5,governorate_pcode,district_pcode,Invalid combination between C9_DisplacementStatus (short term mouvement intentions) & C10_DisplacmentStatus (long term mouvement intentions),"C9_DisplacementStatus == ""c9_10_1"" & C10_DisplacementStatus == ""c9_10_2"" "
2b78e01a-fc52-484047-8c858b-f694e72d3105,a1_4,governorate_pcode,district_pcode,Invalid combination between C9_DisplacementStatus (short term mouvement intentions) & C10_DisplacmentStatus (long term mouvement intentions),"C9_DisplacementStatus == ""c9_10_1"" & C10_DisplacementStatus == ""c9_10_2"" "
1754fa92-6b7a-424146-82808c-8eb40c723a65,a1_2,governorate_pcode,district_pcode,Invalid combination between C9_DisplacementStatus (short term mouvement intentions) & C10_DisplacmentStatus (long term mouvement intentions),"C9_DisplacementStatus == ""c9_10_1"" & C10_DisplacementStatus == ""c9_10_2"" "
638cd90e-d9c5-4e4247-a8a6a2-a0b8c6f31974,a1_4,governorate_pcode,district_pcode,Invalid combination between C9_DisplacementStatus (short term mouvement intentions) & C10_DisplacmentStatus (long term mouvement intentions),"C9_DisplacementStatus == ""c9_10_1"" & C10_DisplacementStatus == ""c9_10_2"" "
2fecb954-6801-44484d-80858a-90a7d153b264,a1_2,governorate_pcode,district_pcode,Invalid combination between C9_DisplacementStatus (short term mouvement intentions) & C10_DisplacmentStatus (long term mouvement intentions),"C9_DisplacementStatus == ""c9_10_1"" & C10_DisplacementStatus == ""c9_10_2"" "
253a4186-0b5f-434b4f-8e8781-25a8d64fc19e,a1_4,governorate_pcode,district_pcode,Invalid combination between C9_DisplacementStatus (short term mouvement intentions) & C10_DisplacmentStatus (long term mouvement intentions),"C9_DisplacementStatus == ""c9_10_1"" & C10_DisplacementStatus == ""c9_10_2"" "
bcf51ae6-5ba3-4a464c-afadac-492c653fd17e,a1_4,governorate_pcode,district_pcode,Invalid combination between C9_DisplacementStatus (short term mouvement intentions) & C10_DisplacmentStatus (long term mouvement intentions),"C9_DisplacementStatus == ""c9_10_1"" & C10_DisplacementStatus == ""c9_10_2"" "
d520c843-8a26-4b474a-aaada3-d78e1cb40a93,a1_1,governorate_pcode,district_pcode,Invalid combination between C9_DisplacementStatus (short term mouvement intentions) & C10_DisplacmentStatus (long term mouvement intentions),"C9_DisplacementStatus == ""c9_10_1"" & C10_DisplacementStatus == ""c9_10_2"" "
9f4c0bd5-957c-404c4a-848f8d-5e4f81cba37d,a1_5,governorate_pcode,district_pcode,Invalid combination between C9_DisplacementStatus (short term mouvement intentions) & C10_DisplacmentStatus (long term mouvement intentions),"C9_DisplacementStatus == ""c9_10_1"" & C10_DisplacementStatus == ""c9_10_2"" "
fc28a761-8a72-4c424e-999b9c-3f0582bc1976,a1_3,governorate_pcode,district_pcode,Invalid combination between C9_DisplacementStatus (short term mouvement intentions) & C10_DisplacmentStatus (long term mouvement intentions),"C9_DisplacementStatus == ""c9_10_1"" & C10_DisplacementStatus == ""c9_10_2"" "
d316f5e8-48ea-464044-a2a7a4-2b7639ac84d0,a1_5,governorate_pcode,district_pcode,Invalid combination between C9_DisplacementStatus (short term mouvement intentions) & C10_DisplacmentStatus (long term mouvement intentions),"C9_DisplacementStatus == ""c9_10_1"" & C10_DisplacementStatus == ""c9_10_2"" "
245a0fdc-e5d8-414e4c-a0aaa6-7e3b06d42fc8,a1_3,governorate_pcode,district_pcode,Invalid combination between C9_DisplacementStatus (short term mouvement intentions) & C10_DisplacmentStatus (long term mouvement intentions),"C9_DisplacementStatus == ""c9_10_1"" & C10_DisplacementStatus == ""c9_10_2"" "
03dcb541-59b8-4f4a4b-8e808c-2c9f0143d58a,a1_2,governorate_pcode,district_pcode,Invalid combination between C9_DisplacementStatus (short term mouvement intentions) & C10_DisplacmentStatus (long term mouvement intentions),"C9_DisplacementStatus == ""c9_10_1"" & C10_DisplacementStatus == ""c9_10_2"" "
a86572bf-5d87-47464a-aeaaaf-ce47189b0fda,a1_1,governorate_pcode,district_pcode,Invalid combination between C9_DisplacementStatus (short term mouvement intentions) & C10_DisplacmentStatus (long term mouvement intentions),"C9_DisplacementStatus == ""c9_10_1"" & C10_DisplacementStatus == ""c9_10_2"" "
3a69f24c-879f-444748-949396-bed7c2f51349,a1_1,governorate_pcode,district_pcode,Invalid combination between C9_DisplacementStatus (short term mouvement intentions) & C10_DisplacmentStatus (long term mouvement intentions),"C9_DisplacementStatus == ""c9_10_1"" & C10_DisplacementStatus == ""c9_10_2"" "
9eac53b2-95a1-40494a-b4bbba-189e6db7305c,a1_2,governorate_pcode,district_pcode,Invalid combination between C9_DisplacementStatus (short term mouvement intentions) & C10_DisplacmentStatus (long term mouvement intentions),"C9_DisplacementStatus == ""c9_10_1"" & C10_DisplacementStatus == ""c9_10_2"" "
1f35b879-d340-444546-a7a9a8-c184d6205ea3,a1_1,governorate_pcode,district_pcode,Invalid combination between C9_DisplacementStatus (short term mouvement intentions) & C10_DisplacmentStatus (long term mouvement intentions),"C9_DisplacementStatus == ""c9_10_1"" & C10_DisplacementStatus == ""c9_10_2"" "
4cb0312a-c6a1-494348-87828d-7b529fd4c3a6,a1_4,governorate_pcode,district_pcode,Invalid combination between C9_DisplacementStatus (short term mouvement intentions) & C10_DisplacmentStatus (long term mouvement intentions),"C9_DisplacementStatus == ""c9_10_1"" & C10_DisplacementStatus == ""c9_10_2"" "
c74ed5b3-318b-4d4543-b4beb2-201c3876bade,a1_3,governorate_pcode,district_pcode,Invalid combination between C9_DisplacementStatus (short term mouvement intentions) & C10_DisplacmentStatus (long term mouvement intentions),"C9_DisplacementStatus == ""c9_10_1"" & C10_DisplacementStatus == ""c9_10_2"" "
5c7fbe8d-5602-434746-9f9791-80d4ec73516a,a1_1,governorate_pcode,district_pcode,Invalid combination between C9_DisplacementStatus (short term mouvement intentions) & C10_DisplacmentStatus (long term mouvement intentions),"C9_DisplacementStatus == ""c9_10_1"" & C10_DisplacementStatus == ""c9_10_2"" "
dc2068a7-5cfe-4f4c4a-8a8b84-7ade9513f4c2,a1_5,governorate_pcode,district_pcode,Invalid combination between C9_DisplacementStatus (short term mouvement intentions) & C10_DisplacmentStatus (long term mouvement intentions),"C9_DisplacementStatus == ""c9_10_1"" & C10_DisplacementStatus == ""c9_10_2"" "
9736d42f-b403-484a4c-939491-5bacd9f03182,a1_5,governorate_pcode,district_pcode,Invalid combination between C9_DisplacementStatus (short term mouvement intentions) & C10_DisplacmentStatus (long term mouvement intentions),"C9_DisplacementStatus == ""c9_10_1"" & C10_DisplacementStatus == ""c9_10_2"" "
ae45961d-3bca-4b454f-bfb9b1-79ebd854c3fa,a1_3,governorate_pcode,district_pcode,Invalid combination between C9_DisplacementStatus (short term mouvement intentions) & C10_DisplacmentStatus (long term mouvement intentions),"C9_DisplacementStatus == ""c9_10_1"" & C10_DisplacementStatus == ""c9_10_2"" "
40619c23-48d3-444e43-808a8d-62fab93c1d7e,a1_1,governorate_pcode,district_pcode,Invalid combination between C9_DisplacementStatus (short term mouvement intentions) & C10_DisplacmentStatus (long term mouvement intentions),"C9_DisplacementStatus == ""c9_10_1"" & C10_DisplacementStatus == ""c9_10_2"" "
dbf2a871-f9e7-444c4a-a9afa3-ea8754d912fb,a1_1,governorate_pcode,district_pcode,Invalid combination between C9_DisplacementStatus (short term mouvement intentions) & C10_DisplacmentStatus (long term mouvement intentions),"C9_DisplacementStatus == ""c9_10_1"" & C10_DisplacementStatus == ""c9_10_2"" "
1270ec48-402d-4d4341-b2b4bc-5f72a8ebd094,a1_5,governorate_pcode,district_pcode,Invalid combination between C9_DisplacementStatus (short term mouvement intentions) & C10_DisplacmentStatus (long term mouvement intentions),"C9_DisplacementStatus == ""c9_10_1"" & C10_DisplacementStatus == ""c9_10_2"" "
d5ac0b86-f034-4d4647-a0a5a8-8ba960e13c4f,a1_5,governorate_pcode,district_pcode,Invalid combination between C9_DisplacementStatus (short term mouvement intentions) & C10_DisplacmentStatus (long term mouvement intentions),"C9_DisplacementStatus == ""c9_10_1"" & C10_DisplacementStatus == ""c9_10_2"" "
e348d261-1759-484344-919697-f73b8126d9c5,a1_1,governorate_pcode,district_pcode,Invalid combination between C9_DisplacementStatus (short term mouvement intentions) & C10_DisplacmentStatus (long term mouvement intentions),"C9_DisplacementStatus == ""c9_10_1"" & C10_DisplacementStatus == ""c9_10_2"" "
91453cb6-ac43-4a4445-a6acab-d67af9ce2583,a1_1,governorate_pcode,district_pcode,Invalid combination between C9_DisplacementStatus (short term mouvement intentions) & C10_DisplacmentStatus (long term mouvement intentions),"C9_DisplacementStatus == ""c9_10_1"" & C10_DisplacementStatus == ""c9_10_2"" "
d69f403c-c514-494c4b-9f9b94-f7c2053be614,a1_5,governorate_pcode,district_pcode,Invalid combination between C9_DisplacementStatus (short term mouvement intentions) & C10_DisplacmentStatus (long term mouvement intentions),"C9_DisplacementStatus == ""c9_10_1"" & C10_DisplacementStatus == ""c9_10_2"" "
5d178342-7645-4f4b47-858b8a-159c624da0b3,a1_4,governorate_pcode,district_pcode,Invalid combination between C9_DisplacementStatus (short term mouvement intentions) & C10_DisplacmentStatus (long term mouvement intentions),"C9_DisplacementStatus == ""c9_10_1"" & C10_DisplacementStatus == ""c9_10_2"" "
fa6b02c8-b785-434d42-a8adaa-d943a7e58160,a1_4,governorate_pcode,district_pcode,Invalid combination between C9_DisplacementStatus (short term mouvement intentions) & C10_DisplacmentStatus (long term mouvement intentions),"C9_DisplacementStatus == ""c9_10_1"" & C10_DisplacementStatus == ""c9_10_2"" "
e9ca8546-c8bd-4e4b48-aca8a1-f14c638b57d9,a1_2,governorate_pcode,district_pcode,Invalid combination between C9_DisplacementStatus (short term mouvement intentions) & C10_DisplacmentStatus (long term mouvement intentions),"C9_DisplacementStatus == ""c9_10_1"" & C10_DisplacementStatus == ""c9_10_2"" "
081f5da9-b416-4f4243-818988-0e94da82f15b,a1_1,governorate_pcode,district_pcode,Invalid combination between C9_DisplacementStatus (short term mouvement intentions) & C10_DisplacmentStatus (long term mouvement intentions),"C9_DisplacementStatus == ""c9_10_1"" & C10_DisplacementStatus == ""c9_10_2"" "
dfb6c780-f279-4b404f-b1bcbb-42af0c7d9381,a1_5,governorate_pcode,district_pcode,Invalid combination between C9_DisplacementStatus (short term mouvement intentions) & C10_DisplacmentStatus (long term mouvement intentions),"C9_DisplacementStatus == ""c9_10_1"" & C10_DisplacementStatus == ""c9_10_2"" "
6a90dcb5-b836-45424d-b7b8bf-9b78dea03f56,a1_5,governorate_pcode,district_pcode,Invalid combination between C9_DisplacementStatus (short term mouvement intentions) & C10_DisplacmentStatus (long term mouvement intentions),"C9_DisplacementStatus == ""c9_10_1"" & C10_DisplacementStatus == ""c9_10_2"" "
8de6a354-53c6-4b414a-bfbbb3-0467a95d382b,a1_4,governorate_pcode,district_pcode,"The second ranked most important ""priority needs"" is equal to the one ranked first",D1b_PriorityNeeds == D1a_PriorityNeeds 
d8e51a36-9a47-4f4b42-a4a1ab-bf8e62971a30,a1_1,governorate_pcode,district_pcode,"The second ranked most important ""priority needs"" is equal to the one ranked first",D1b_PriorityNeeds == D1a_PriorityNeeds 
83ac4bfd-1a3f-42484d-989a94-c5f31ba68924,a1_2,governorate_pcode,district_pcode,"The second ranked most important ""priority needs"" is equal to the one ranked first",D1b_PriorityNeeds == D1a_PriorityNeeds 
153e6470-90f1-434841-aaaca5-ef67c21a3084,a1_1,governorate_pcode,district_pcode,"The second ranked most important ""priority needs"" is equal to the one ranked first",D1b_PriorityNeeds == D1a_PriorityNeeds 
6c2f9038-ea7c-414f47-a8a4ae-95c0a83416b2,a1_2,governorate_pcode,district_pcode,"The second ranked most important ""priority needs"" is equal to the one ranked first",D1b_PriorityNeeds == D1a_PriorityNeeds 
5b0f3847-946d-464e43-b6b2b4-6dc74f3b0e89,a1_4,governorate_pcode,district_pcode,"The second ranked most important ""priority needs"" is equal to the one ranked first",D1b_PriorityNeeds == D1a_PriorityNeeds 
46c19db3-cd76-444249-868b8d-906bf578a421,a1_5,governorate_pcode,district_pcode,"The second ranked most important ""priority needs"" is equal to the one ranked first",D1b_PriorityNeeds == D1a_PriorityNeeds 
492f168e-618a-42454b-949097-a563f027bc18,a1_4,governorate_pcode,district_pcode,"The second ranked most important ""priority needs"" is equal to the one ranked first",D1b_PriorityNeeds == D1a_PriorityNeeds 
3ec9f4b2-c62e-4a4043-b6b8b2-a536e1789dbc,a1_3,governorate_pcode,district_pcode,"The second ranked most important ""priority needs"" is equal to the one ranked first",D1b_PriorityNeeds == D1a_PriorityNeeds 
fdac7921-08fc-4b4244-b7bfbb-f78deb92064a,a1_1,governorate_pcode,district_pcode,"The second ranked most important ""priority needs"" is equal to the one ranked first",D1b_PriorityNeeds == D1a_PriorityNeeds 
891706f4-6d8e-4a4547-afa7aa-315c42eafb80,a1_5,governorate_pcode,district_pcode,"The second ranked most important ""priority needs"" is equal to the one ranked first",D1b_PriorityNeeds == D1a_PriorityNeeds 
b0f961a7-306b-4d424b-bab8b0-bf7d13850e94,a1_3,governorate_pcode,district_pcode,"The second ranked most important ""priority needs"" is equal to the one ranked first",D1b_PriorityNeeds == D1a_PriorityNeeds 
d5bf2418-56e1-41484a-909699-8d750fe9ca13,a1_1,governorate_pcode,district_pcode,"The second ranked most important ""priority needs"" is equal to the one ranked first",D1b_PriorityNeeds == D1a_PriorityNeeds 
6ef9ac7b-21cb-46434c-9a9d9c-4d03c1e7f9b6,a1_2,governorate_pcode,district_pcode,"The second ranked most important ""priority needs"" is equal to the one ranked first",D1b_PriorityNeeds == D1a_PriorityNeeds 
af934856-ceb5-434542-bfb2b8-5260a349fbd8,a1_1,governorate_pcode,district_pcode,"The second ranked most important ""priority needs"" is equal to the one ranked first",D1b_PriorityNeeds == D1a_PriorityNeeds 
6410e3dc-d1e2-4a4e4f-a2a6ab-4b3c27fea016,a1_4,governorate_pcode,district_pcode,"The second ranked most important ""priority needs"" is equal to the one ranked first",D1b_PriorityNeeds == D1a_PriorityNeeds 
d8605c17-b82a-464741-aea0ab-341598e76fdc,a1_4,governorate_pcode,district_pcode,"The second ranked most important ""priority needs"" is equal to the one ranked first",D1b_PriorityNeeds == D1a_PriorityNeeds 
245a0fdc-e5d8-414e4c-a0aaa6-7e3b06d42fc8,a1_3,governorate_pcode,district_pcode,"The second ranked most important ""priority needs"" is equal to the one ranked first",D1b_PriorityNeeds == D1a_PriorityNeeds 
5e7196a8-bf9c-404e4b-838487-dc3b6192e047,a1_3,governorate_pcode,district_pcode,"The second ranked most important ""priority needs"" is equal to the one ranked first",D1b_PriorityNeeds == D1a_PriorityNeeds 
ac301f25-2f84-484f4e-818a87-426e5c917b8f,a1_1,governorate_pcode,district_pcode,"The second ranked most important ""priority needs"" is equal to the one ranked first",D1b_PriorityNeeds == D1a_PriorityNeeds 
dc2068a7-5cfe-4f4c4a-8a8b84-7ade9513f4c2,a1_5,governorate_pcode,district_pcode,"The second ranked most important ""priority needs"" is equal to the one ranked first",D1b_PriorityNeeds == D1a_PriorityNeeds 
19db6c0a-e3d5-4c4443-b3bbb4-75fe019c36ab,a1_4,governorate_pcode,district_pcode,"The second ranked most important ""priority needs"" is equal to the one ranked first",D1b_PriorityNeeds == D1a_PriorityNeeds 
9e8054ca-c204-4e4d4f-bbb5b0-81b4f950d3e7,a1_4,governorate_pcode,district_pcode,"The second ranked most important ""priority needs"" is equal to the one ranked first",D1b_PriorityNeeds == D1a_PriorityNeeds 
e856b2af-62f1-41454e-9a9490-639f54cea07d,a1_3,governorate_pcode,district_pcode,"The third ranked most important ""priority needs"" is equal to the one ranked second",D1c_PriorityNeeds == D1b_PriorityNeeds 
5d769e3a-c576-464249-959c9f-c0fe35d8b17a,a1_1,governorate_pcode,district_pcode,"The third ranked most important ""priority needs"" is equal to the one ranked second",D1c_PriorityNeeds == D1b_PriorityNeeds 
81c95d2b-6a40-4b4843-bebcbf-e3cd412a68bf,a1_2,governorate_pcode,district_pcode,"The third ranked most important ""priority needs"" is equal to the one ranked second",D1c_PriorityNeeds == D1b_PriorityNeeds 
d91c84eb-1d5c-4a4542-979a9e-0781a6ce3bf4,a1_5,governorate_pcode,district_pcode,"The third ranked most important ""priority needs"" is equal to the one ranked second",D1c_PriorityNeeds == D1b_PriorityNeeds 
9a047dc2-bd9f-454647-aea9a4-a40fcdb17e92,a1_5,governorate_pcode,district_pcode,"The third ranked most important ""priority needs"" is equal to the one ranked second",D1c_PriorityNeeds == D1b_PriorityNeeds 
2f97ebd6-bd7c-4f4b4d-b1bfb9-cf2a98be65d0,a1_3,governorate_pcode,district_pcode,"The third ranked most important ""priority needs"" is equal to the one ranked second",D1c_PriorityNeeds == D1b_PriorityNeeds 
9538df7c-eb3d-4c4a48-a3aea8-57f63bd0c9e2,a1_3,governorate_pcode,district_pcode,"The third ranked most important ""priority needs"" is equal to the one ranked second",D1c_PriorityNeeds == D1b_PriorityNeeds 
0c58f316-f8b9-49424e-929b9f-450ec18f69bd,a1_3,governorate_pcode,district_pcode,"The third ranked most important ""priority needs"" is equal to the one ranked second",D1c_PriorityNeeds == D1b_PriorityNeeds 
47d9c231-381f-44484c-a4a8ab-a24c63851b9d,a1_1,governorate_pcode,district_pcode,"The third ranked most important ""priority needs"" is equal to the one ranked second",D1c_PriorityNeeds == D1b_PriorityNeeds 
f037ed21-631b-4f4b46-80818c-a0613c9e752b,a1_1,governorate_pcode,district_pcode,"The third ranked most important ""priority needs"" is equal to the one ranked second",D1c_PriorityNeeds == D1b_PriorityNeeds 
a2471c03-1039-454d47-bcbdb5-f6941bce275d,a1_1,governorate_pcode,district_pcode,"The third ranked most important ""priority needs"" is equal to the one ranked second",D1c_PriorityNeeds == D1b_PriorityNeeds 
10243865-0ab5-404e45-8f8b88-5d328cf6e71a,a1_2,governorate_pcode,district_pcode,"The third ranked most important ""priority needs"" is equal to the one ranked second",D1c_PriorityNeeds == D1b_PriorityNeeds 
57de8603-6c1e-464442-88878c-a2f1598d074c,a1_4,governorate_pcode,district_pcode,"The third ranked most important ""priority needs"" is equal to the one ranked second",D1c_PriorityNeeds == D1b_PriorityNeeds 
85f762c1-49c0-494c46-a6a7ae-6089c53e24d7,a1_4,governorate_pcode,district_pcode,"The third ranked most important ""priority needs"" is equal to the one ranked second",D1c_PriorityNeeds == D1b_PriorityNeeds 
43ba12ec-a985-41404f-a7afa0-635de7a04b98,a1_5,governorate_pcode,district_pcode,"The third ranked most important ""priority needs"" is equal to the one ranked second",D1c_PriorityNeeds == D1b_PriorityNeeds 
eb256a71-b026-474f4a-bfb5b9-b5d8296cfe3a,a1_3,governorate_pcode,district_pcode,"The third ranked most important ""priority needs"" is equal to the one ranked second",D1c_PriorityNeeds == D1b_PriorityNeeds 
d8f4e20c-a321-42444d-999497-295be7d1638f,a1_1,governorate_pcode,district_pcode,"The third ranked most important ""priority needs"" is equal to the one ranked second",D1c_PriorityNeeds == D1b_PriorityNeeds 
6df7abce-7c31-4c4041-848986-2b638ca95d04,a1_5,governorate_pcode,district_pcode,"The third ranked most important ""priority needs"" is equal to the one ranked second",D1c_PriorityNeeds == D1b_PriorityNeeds 
cf821b96-34cd-47484e-bebdbb-c346f7b0218e,a1_1,governorate_pcode,district_pcode,"The third ranked most important ""priority needs"" is equal to the one ranked second",D1c_PriorityNeeds == D1b_PriorityNeeds 
ce240f39-3478-4e4043-b7bcbf-e784a523db91,a1_1,governorate_pcode,district_pcode,"The third ranked most important ""priority needs"" is equal to the one ranked second",D1c_PriorityNeeds == D1b_PriorityNeeds 
da6104e5-75af-4c4b44-a0a2ae-e12057fa893d,a1_5,governorate_pcode,district_pcode,"The third ranked most important ""priority needs"" is equal to the one ranked first",D1c_PriorityNeeds == D1a_PriorityNeeds
fca24ed3-c087-464f49-84898a-081e7263c9db,a1_3,governorate_pcode,district_pcode,"The third ranked most important ""priority needs"" is equal to the one ranked first",D1c_PriorityNeeds == D1a_PriorityNeeds
af194b6e-de8a-44424c-898d8e-9e248516dcfb,a1_1,governorate_pcode,district_pcode,"The third ranked most important ""priority needs"" is equal to the one ranked first",D1c_PriorityNeeds == D1a_PriorityNeeds
ed56b29c-94b0-454149-909295-26b9dfc401a7,a1_2,governorate_pcode,district_pcode,"The third ranked most important ""priority needs"" is equal to the one ranked first",D1c_PriorityNeeds == D1a_PriorityNeeds
8140f5be-703c-454e4c-b8b4b2-df210e7c46b9,a1_5,governorate_pcode,district_pcode,"The third ranked most important ""priority needs"" is equal to the one ranked first",D1c_PriorityNeeds == D1a_PriorityNeeds
e9072568-c8a9-404344-a5a9aa-3fd0e7248ac9,a1_5,governorate_pcode,district_pcode,"The third ranked most important ""priority needs"" is equal to the one ranked first",D1c_PriorityNeeds == D1a_PriorityNeeds
a7be1985-40af-4f4046-808f86-2e8f30a95164,a1_4,governorate_pcode,district_pcode,"The third ranked most important ""priority needs"" is equal to the one ranked first",D1c_PriorityNeeds == D1a_PriorityNeeds
6a1f7c45-1f20-4d4241-b6b0bc-9e3a21fd074b,a1_3,governorate_pcode,district_pcode,"The third ranked most important ""priority needs"" is equal to the one ranked first",D1c_PriorityNeeds == D1a_PriorityNeeds
e57a601c-bd69-424f4d-a1aca5-7f8cbd06a245,a1_4,governorate_pcode,district_pcode,"The third ranked most important ""priority needs"" is equal to the one ranked first",D1c_PriorityNeeds == D1a_PriorityNeeds
13f82ec5-2fc7-444a4b-848a8c-47dbe3a685f0,a1_2,governorate_pcode,district_pcode,"The third ranked most important ""priority needs"" is equal to the one ranked first",D1c_PriorityNeeds == D1a_PriorityNeeds
8f1b3ae4-60f2-4f4d43-aba5ac-5d4e08bf712c,a1_1,governorate_pcode,district_pcode,"The third ranked most important ""priority needs"" is equal to the one ranked first",D1c_PriorityNeeds == D1a_PriorityNeeds
a295fe31-9a68-414a40-beb7b8-3618f925d0ac,a1_1,governorate_pcode,district_pcode,"The third ranked most important ""priority needs"" is equal to the one ranked first",D1c_PriorityNeeds == D1a_PriorityNeeds
9540372e-812b-474c48-8d888c-73d1f2609ca5,a1_2,governorate_pcode,district_pcode,"The third ranked most important ""priority needs"" is equal to the one ranked first",D1c_PriorityNeeds == D1a_PriorityNeeds
65b983f7-d982-494148-939691-7cf3b91d8042,a1_3,governorate_pcode,district_pcode,"The third ranked most important ""priority needs"" is equal to the one ranked first",D1c_PriorityNeeds == D1a_PriorityNeeds
96f0d3c1-ec29-4f4e4d-81828c-dbf5a681497e,a1_4,governorate_pcode,district_pcode,"The third ranked most important ""priority needs"" is equal to the one ranked first",D1c_PriorityNeeds == D1a_PriorityNeeds
42ae0c35-64d5-404941-97919c-fe376d185409,a1_4,governorate_pcode,district_pcode,"The third ranked most important ""priority needs"" is equal to the one ranked first",D1c_PriorityNeeds == D1a_PriorityNeeds
9ad7103b-b0ec-47444e-b3bebc-b65c03128947,a1_5,governorate_pcode,district_pcode,"The third ranked most important ""priority needs"" is equal to the one ranked first",D1c_PriorityNeeds == D1a_PriorityNeeds
59d10fbc-7c3b-4e4740-9b909f-04b1a3d79e52,a1_5,governorate_pcode,district_pcode,"The third ranked most important ""priority needs"" is equal to the one ranked first",D1c_PriorityNeeds == D1a_PriorityNeeds
68259adb-829e-434441-939192-f0724bec6d35,a1_1,governorate_pcode,district_pcode,"The third ranked most important ""priority needs"" is equal to the one ranked first",D1c_PriorityNeeds == D1a_PriorityNeeds
2b78e01a-fc52-484047-8c858b-f694e72d3105,a1_4,governorate_pcode,district_pcode,"The third ranked most important ""priority needs"" is equal to the one ranked first",D1c_PriorityNeeds == D1a_PriorityNeeds
74a30d29-589b-4b454a-858082-482063af9edc,a1_5,governorate_pcode,district_pcode,"The third ranked most important ""priority needs"" is equal to the one ranked first",D1c_PriorityNeeds == D1a_PriorityNeeds
56412efa-51fa-48464b-9e9a9f-0968dfea1427,a1_1,governorate_pcode,district_pcode,"The third ranked most important ""priority needs"" is equal to the one ranked first",D1c_PriorityNeeds == D1a_PriorityNeeds
3a2691cb-04f3-414249-b5bdb7-2efacd5b6389,a1_1,governorate_pcode,district_pcode,"The third ranked most important ""priority needs"" is equal to the one ranked first",D1c_PriorityNeeds == D1a_PriorityNeeds
1b92d437-6412-4d4549-aaa0a2-827ad4601fb5,a1_1,governorate_pcode,district_pcode,"The third ranked most important ""priority needs"" is equal to the one ranked first",D1c_PriorityNeeds == D1a_PriorityNeeds
ba9e0f27-f4ad-404e4b-9d9891-8301795fa6de,a1_1,governorate_pcode,district_pcode,"The third ranked most important ""priority needs"" is equal to the one ranked first",D1c_PriorityNeeds == D1a_PriorityNeeds
d69f403c-c514-494c4b-9f9b94-f7c2053be614,a1_5,governorate_pcode,district_pcode,"The third ranked most important ""priority needs"" is equal to the one ranked first",D1c_PriorityNeeds == D1a_PriorityNeeds
67bda843-e507-4b454f-a6a1af-754ac9b261f0,a1_5,governorate_pcode,district_pcode,"The third ranked most important ""priority needs"" is equal to the one ranked first",D1c_PriorityNeeds == D1a_PriorityNeeds
da04257b-1e4d-454047-9c9692-62b30781daf5,a1_5,governorate_pcode,district_pcode,Invalid combination between F3_WASH (type of water source) and F6_WASH (time needed to collect water),"F3_WASH == ""f3_1"" & F6_WASH == ""f6_4"" "
5f9d4762-67f9-424d46-b6b5b9-dea4c76fb512,a1_2,governorate_pcode,district_pcode,Invalid combination between F3_WASH (type of water source) and F6_WASH (time needed to collect water),"F3_WASH == ""f3_1"" & F6_WASH == ""f6_4"" "
2f5d403e-cbf7-474546-94989c-84f6edb71352,a1_3,governorate_pcode,district_pcode,Invalid combination between F3_WASH (type of water source) and F6_WASH (time needed to collect water),"F3_WASH == ""f3_1"" & F6_WASH == ""f6_4"" "
6eb34f1d-e739-47404a-909896-adc9846fb107,a1_5,governorate_pcode,district_pcode,Invalid combination between F3_WASH (type of water source) and F6_WASH (time needed to collect water),"F3_WASH == ""f3_1"" & F6_WASH == ""f6_4"" "
6d5e3874-f175-444b4e-898780-b03689d75eac,a1_5,governorate_pcode,district_pcode,Invalid combination between F3_WASH (type of water source) and F6_WASH (time needed to collect water),"F3_WASH == ""f3_1"" & F6_WASH == ""f6_4"" "
b1e7530d-a312-414748-9e939d-d4671f8c50a2,a1_3,governorate_pcode,district_pcode,Invalid combination between F3_WASH (type of water source) and F6_WASH (time needed to collect water),"F3_WASH == ""f3_1"" & F6_WASH == ""f6_4"" "
3c75d869-578d-49474c-bfbab2-d7e6c9b842a1,a1_5,governorate_pcode,district_pcode,Invalid combination between F3_WASH (type of water source) and F6_WASH (time needed to collect water),"F3_WASH == ""f3_1"" & F6_WASH == ""f6_4"" "
64e310dc-4d69-4b4d4c-a7a3a6-35869be047f2,a1_1,governorate_pcode,district_pcode,Invalid combination between F3_WASH (type of water source) and F6_WASH (time needed to collect water),"F3_WASH == ""f3_1"" & F6_WASH == ""f6_4"" "
a4df9b76-1742-4b4e45-a5acaf-23ea1087f9dc,a1_3,governorate_pcode,district_pcode,Invalid combination between F3_WASH (type of water source) and F6_WASH (time needed to collect water),"F3_WASH == ""f3_1"" & F6_WASH == ""f6_4"" "
4e3d79fc-d5f9-4f494e-beb9b6-4b98dcf152e3,a1_3,governorate_pcode,district_pcode,Invalid combination between F3_WASH (type of water source) and F6_WASH (time needed to collect water),"F3_WASH == ""f3_1"" & F6_WASH == ""f6_4"" "
642e0d5a-6e92-454f4d-b5b9b0-94fc10ed85a2,a1_4,governorate_pcode,district_pcode,Invalid combination between F3_WASH (type of water source) and F6_WASH (time needed to collect water),"F3_WASH == ""f3_1"" & F6_WASH == ""f6_4"" "
73cfd2ab-1570-484945-999a9b-eaf9c5276340,a1_5,governorate_pcode,district_pcode,Invalid combination between F3_WASH (type of water source) and F6_WASH (time needed to collect water),"F3_WASH == ""f3_1"" & F6_WASH == ""f6_4"" "
e865371b-2f86-474849-858d88-1e2f684b53a7,a1_4,governorate_pcode,district_pcode,Invalid combination between F3_WASH (type of water source) and F6_WASH (time needed to collect water),"F3_WASH == ""f3_1"" & F6_WASH == ""f6_4"" "
caf4b3d2-12a8-484a40-92909d-ec1d8a74f56b,a1_1,governorate_pcode,district_pcode,Invalid combination between F3_WASH (type of water source) and F6_WASH (time needed to collect water),"F3_WASH == ""f3_1"" & F6_WASH == ""f6_4"" "
35a92d8b-3dc1-444041-919c9e-d5af9e6b2341,a1_3,governorate_pcode,district_pcode,Invalid combination between F3_WASH (type of water source) and F6_WASH (time needed to collect water),"F3_WASH == ""f3_1"" & F6_WASH == ""f6_4"" "
68ba7e4f-6c1f-444f45-a5aba4-ab7c9f5d1640,a1_2,governorate_pcode,district_pcode,Invalid combination between F3_WASH (type of water source) and F6_WASH (time needed to collect water),"F3_WASH == ""f3_1"" & F6_WASH == ""f6_4"" "
57de8603-6c1e-464442-88878c-a2f1598d074c,a1_4,governorate_pcode,district_pcode,Invalid combination between F3_WASH (type of water source) and F6_WASH (time needed to collect water),"F3_WASH == ""f3_1"" & F6_WASH == ""f6_4"" "
4580c3a2-86ad-454041-a1a2a7-12083a59bfe6,a1_2,governorate_pcode,district_pcode,Invalid combination between F3_WASH (type of water source) and F6_WASH (time needed to collect water),"F3_WASH == ""f3_1"" & F6_WASH == ""f6_4"" "
df32569b-681c-494b40-b3b6bf-e05c49d786ab,a1_5,governorate_pcode,district_pcode,Invalid combination between F3_WASH (type of water source) and F6_WASH (time needed to collect water),"F3_WASH == ""f3_1"" & F6_WASH == ""f6_4"" "
d8f4e20c-a321-42444d-999497-295be7d1638f,a1_1,governorate_pcode,district_pcode,Invalid combination between F3_WASH (type of water source) and F6_WASH (time needed to collect water),"F3_WASH == ""f3_1"" & F6_WASH == ""f6_4"" "
6410e3dc-d1e2-4a4e4f-a2a6ab-4b3c27fea016,a1_4,governorate_pcode,district_pcode,Invalid combination between F3_WASH (type of water source) and F6_WASH (time needed to collect water),"F3_WASH == ""f3_1"" & F6_WASH == ""f6_4"" "
50f364ed-d816-43444d-beb7b6-92f514b06dc3,a1_1,governorate_pcode,district_pcode,Invalid combination between F3_WASH (type of water source) and F6_WASH (time needed to collect water),"F3_WASH == ""f3_1"" & F6_WASH == ""f6_4"" "
98c2706f-6854-434748-818680-195ce8fb74a3,a1_3,governorate_pcode,district_pcode,Invalid combination between F3_WASH (type of water source) and F6_WASH (time needed to collect water),"F3_WASH == ""f3_1"" & F6_WASH == ""f6_4"" "
584d06f3-2893-4c4246-9c9995-0c8d769f25e3,a1_4,governorate_pcode,district_pcode,Invalid combination between F3_WASH (type of water source) and F6_WASH (time needed to collect water),"F3_WASH == ""f3_1"" & F6_WASH == ""f6_4"" "
af50d4cb-fc8b-434047-8b8981-c84901a3f6e5,a1_2,governorate_pcode,district_pcode,Invalid combination between F3_WASH (type of water source) and F6_WASH (time needed to collect water),"F3_WASH == ""f3_1"" & F6_WASH == ""f6_4"" "
d3c4b219-d2e0-494047-9b9197-a25790e46b83,a1_2,governorate_pcode,district_pcode,Invalid combination between F3_WASH (type of water source) and F6_WASH (time needed to collect water),"F3_WASH == ""f3_1"" & F6_WASH == ""f6_4"" "
54f6e790-f401-4c4b45-ada5a6-6bc298170da3,a1_4,governorate_pcode,district_pcode,Invalid combination between F3_WASH (type of water source) and F6_WASH (time needed to collect water),"F3_WASH == ""f3_1"" & F6_WASH == ""f6_4"" "
eb67035a-c182-4b4142-80898f-a4ec71625d38,a1_4,governorate_pcode,district_pcode,Invalid combination between F3_WASH (type of water source) and F6_WASH (time needed to collect water),"F3_WASH == ""f3_1"" & F6_WASH == ""f6_4"" "
6d07f218-fb70-48474b-939698-5f16bc3a8072,a1_2,governorate_pcode,district_pcode,Invalid combination between F3_WASH (type of water source) and F6_WASH (time needed to collect water),"F3_WASH == ""f3_1"" & F6_WASH == ""f6_4"" "
9687ba1d-5f6d-44464b-acaba9-159e48cbd0f2,a1_4,governorate_pcode,district_pcode,Invalid combination between B724_SectorEmployment (type of employment) and J10_Livelihood (most important livelihood need),"B724_SectorEmployment != ""b71_emp_1"" & J10_Livelihood == ""j10_1"" "
a57e81b6-b7e1-454349-888780-1dc9ef5b8023,a1_3,governorate_pcode,district_pcode,Invalid combination between B724_SectorEmployment (type of employment) and J10_Livelihood (most important livelihood need),"B724_SectorEmployment != ""b71_emp_1"" & J10_Livelihood == ""j10_1"" "
f4e5c79a-0381-42484c-94969a-4120b9578a6f,a1_4,governorate_pcode,district_pcode,Invalid combination between B724_SectorEmployment (type of employment) and J10_Livelihood (most important livelihood need),"B724_SectorEmployment != ""b71_emp_1"" & J10_Livelihood == ""j10_1"" "
c2ea3495-aeb3-494e45-9f949c-cdb4e5f02a39,a1_1,governorate_pcode,district_pcode,Invalid combination between B724_SectorEmployment (type of employment) and J10_Livelihood (most important livelihood need),"B724_SectorEmployment != ""b71_emp_1"" & J10_Livelihood == ""j10_1"" "
174ebd98-d413-40494c-bcb4b3-06d854eac31b,a1_3,governorate_pcode,district_pcode,Invalid combination between B724_SectorEmployment (type of employment) and J10_Livelihood (most important livelihood need),"B724_SectorEmployment != ""b71_emp_1"" & J10_Livelihood == ""j10_1"" "
6d5e3874-f175-444b4e-898780-b03689d75eac,a1_5,governorate_pcode,district_pcode,Invalid combination between B724_SectorEmployment (type of employment) and J10_Livelihood (most important livelihood need),"B724_SectorEmployment != ""b71_emp_1"" & J10_Livelihood == ""j10_1"" "
f5b30148-a78f-4c4e4d-b4beb1-5dfeb76c901a,a1_1,governorate_pcode,district_pcode,Invalid combination between B724_SectorEmployment (type of employment) and J10_Livelihood (most important livelihood need),"B724_SectorEmployment != ""b71_emp_1"" & J10_Livelihood == ""j10_1"" "
649fe3cd-526d-464548-808289-c156980dfa43,a1_2,governorate_pcode,district_pcode,Invalid combination between B724_SectorEmployment (type of employment) and J10_Livelihood (most important livelihood need),"B724_SectorEmployment != ""b71_emp_1"" & J10_Livelihood == ""j10_1"" "
b8f25a74-0cf8-414740-979093-53c10a926d8f,a1_3,governorate_pcode,district_pcode,Invalid combination between B724_SectorEmployment (type of employment) and J10_Livelihood (most important livelihood need),"B724_SectorEmployment != ""b71_emp_1"" & J10_Livelihood == ""j10_1"" "
8d6cef2b-6387-464344-86848e-ba48e590173f,a1_4,governorate_pcode,district_pcode,Invalid combination between B724_SectorEmployment (type of employment) and J10_Livelihood (most important livelihood need),"B724_SectorEmployment != ""b71_emp_1"" & J10_Livelihood == ""j10_1"" "
a295fe31-9a68-414a40-beb7b8-3618f925d0ac,a1_1,governorate_pcode,district_pcode,Invalid combination between B724_SectorEmployment (type of employment) and J10_Livelihood (most important livelihood need),"B724_SectorEmployment != ""b71_emp_1"" & J10_Livelihood == ""j10_1"" "
843cae65-ac29-454c40-a5a1ae-412583dbf70e,a1_3,governorate_pcode,district_pcode,Invalid combination between B724_SectorEmployment (type of employment) and J10_Livelihood (most important livelihood need),"B724_SectorEmployment != ""b71_emp_1"" & J10_Livelihood == ""j10_1"" "
64e310dc-4d69-4b4d4c-a7a3a6-35869be047f2,a1_1,governorate_pcode,district_pcode,Invalid combination between B724_SectorEmployment (type of employment) and J10_Livelihood (most important livelihood need),"B724_SectorEmployment != ""b71_emp_1"" & J10_Livelihood == ""j10_1"" "
fb4920ca-3f02-4b434d-8d8386-ce9b0816fd34,a1_4,governorate_pcode,district_pcode,Invalid combination between B724_SectorEmployment (type of employment) and J10_Livelihood (most important livelihood need),"B724_SectorEmployment != ""b71_emp_1"" & J10_Livelihood == ""j10_1"" "
de7f614c-e174-43484c-9c9490-3b76d95cf4a1,a1_2,governorate_pcode,district_pcode,Invalid combination between B724_SectorEmployment (type of employment) and J10_Livelihood (most important livelihood need),"B724_SectorEmployment != ""b71_emp_1"" & J10_Livelihood == ""j10_1"" "
07cf1925-23da-4f4648-aaadac-4b8dfc1703e2,a1_3,governorate_pcode,district_pcode,Invalid combination between B724_SectorEmployment (type of employment) and J10_Livelihood (most important livelihood need),"B724_SectorEmployment != ""b71_emp_1"" & J10_Livelihood == ""j10_1"" "
50ae2483-0a96-434b4c-a5adac-140e7bd9a286,a1_1,governorate_pcode,district_pcode,Invalid combination between B724_SectorEmployment (type of employment) and J10_Livelihood (most important livelihood need),"B724_SectorEmployment != ""b71_emp_1"" & J10_Livelihood == ""j10_1"" "
27a50b68-f794-494d4a-929d90-d4835219bc60,a1_3,governorate_pcode,district_pcode,Invalid combination between B724_SectorEmployment (type of employment) and J10_Livelihood (most important livelihood need),"B724_SectorEmployment != ""b71_emp_1"" & J10_Livelihood == ""j10_1"" "
b0f961a7-306b-4d424b-bab8b0-bf7d13850e94,a1_3,governorate_pcode,district_pcode,Invalid combination between B724_SectorEmployment (type of employment) and J10_Livelihood (most important livelihood need),"B724_SectorEmployment != ""b71_emp_1"" & J10_Livelihood == ""j10_1"" "
963740c8-8e4c-4e494d-969994-70a8eb4312fd,a1_1,governorate_pcode,district_pcode,Invalid combination between B724_SectorEmployment (type of employment) and J10_Livelihood (most important livelihood need),"B724_SectorEmployment != ""b71_emp_1"" & J10_Livelihood == ""j10_1"" "
9ad7103b-b0ec-47444e-b3bebc-b65c03128947,a1_5,governorate_pcode,district_pcode,Invalid combination between B724_SectorEmployment (type of employment) and J10_Livelihood (most important livelihood need),"B724_SectorEmployment != ""b71_emp_1"" & J10_Livelihood == ""j10_1"" "
7dfb08ce-4908-4b4344-8a838c-73ef46125dbc,a1_4,governorate_pcode,district_pcode,Invalid combination between B724_SectorEmployment (type of employment) and J10_Livelihood (most important livelihood need),"B724_SectorEmployment != ""b71_emp_1"" & J10_Livelihood == ""j10_1"" "
85f762c1-49c0-494c46-a6a7ae-6089c53e24d7,a1_4,governorate_pcode,district_pcode,Invalid combination between B724_SectorEmployment (type of employment) and J10_Livelihood (most important livelihood need),"B724_SectorEmployment != ""b71_emp_1"" & J10_Livelihood == ""j10_1"" "
a1cb2854-826d-414644-b0bcb3-d8956ec7a31b,a1_5,governorate_pcode,district_pcode,Invalid combination between B724_SectorEmployment (type of employment) and J10_Livelihood (most important livelihood need),"B724_SectorEmployment != ""b71_emp_1"" & J10_Livelihood == ""j10_1"" "
1754fa92-6b7a-424146-82808c-8eb40c723a65,a1_2,governorate_pcode,district_pcode,Invalid combination between B724_SectorEmployment (type of employment) and J10_Livelihood (most important livelihood need),"B724_SectorEmployment != ""b71_emp_1"" & J10_Livelihood == ""j10_1"" "
3dc5086f-54a6-454649-8b8487-fea563d2901c,a1_3,governorate_pcode,district_pcode,Invalid combination between B724_SectorEmployment (type of employment) and J10_Livelihood (most important livelihood need),"B724_SectorEmployment != ""b71_emp_1"" & J10_Livelihood == ""j10_1"" "
50f364ed-d816-43444d-beb7b6-92f514b06dc3,a1_1,governorate_pcode,district_pcode,Invalid combination between B724_SectorEmployment (type of employment) and J10_Livelihood (most important livelihood need),"B724_SectorEmployment != ""b71_emp_1"" & J10_Livelihood == ""j10_1"" "
9d2a5e64-0d23-46494a-8e8a89-e6327bdfc591,a1_1,governorate_pcode,district_pcode,Invalid combination between B724_SectorEmployment (type of employment) and J10_Livelihood (most important livelihood need),"B724_SectorEmployment != ""b71_emp_1"" & J10_Livelihood == ""j10_1"" "
06bec23f-d596-4d4e40-a8a5a7-8b731d6e5a92,a1_5,governorate_pcode,district_pcode,Invalid combination between B724_SectorEmployment (type of employment) and J10_Livelihood (most important livelihood need),"B724_SectorEmployment != ""b71_emp_1"" & J10_Livelihood == ""j10_1"" "
4cb0312a-c6a1-494348-87828d-7b529fd4c3a6,a1_4,governorate_pcode,district_pcode,Invalid combination between B724_SectorEmployment (type of employment) and J10_Livelihood (most important livelihood need),"B724_SectorEmployment != ""b71_emp_1"" & J10_Livelihood == ""j10_1"" "
472edafb-5f36-43454f-beb2bd-0bd2385cfa91,a1_2,governorate_pcode,district_pcode,Invalid combination between B724_SectorEmployment (type of employment) and J10_Livelihood (most important livelihood need),"B724_SectorEmployment != ""b71_emp_1"" & J10_Livelihood == ""j10_1"" "
0bd35876-21a4-46454b-9f9c9a-46832ced7abf,a1_4,governorate_pcode,district_pcode,Invalid combination between B724_SectorEmployment (type of employment) and J10_Livelihood (most important livelihood need),"B724_SectorEmployment != ""b71_emp_1"" & J10_Livelihood == ""j10_1"" "
3c57bd29-8e09-4e4c4b-bcb4be-673abef1c45d,a1_3,governorate_pcode,district_pcode,Invalid combination between B724_SectorEmployment (type of employment) and J10_Livelihood (most important livelihood need),"B724_SectorEmployment != ""b71_emp_1"" & J10_Livelihood == ""j10_1"" "
2b605e48-0c1a-494e43-84838c-304ce2b96581,a1_1,governorate_pcode,district_pcode,Invalid combination between B724_SectorEmployment (type of employment) and J10_Livelihood (most important livelihood need),"B724_SectorEmployment != ""b71_emp_1"" & J10_Livelihood == ""j10_1"" "
d41e26b7-d752-464d45-b0bfbb-3b7dcf824e9a,a1_1,governorate_pcode,district_pcode,Invalid combination between B724_SectorEmployment (type of employment) and J10_Livelihood (most important livelihood need),"B724_SectorEmployment != ""b71_emp_1"" & J10_Livelihood == ""j10_1"" "
1a28f3e6-609a-4f4340-a5aaa1-b9c138def420,a1_1,governorate_pcode,district_pcode,Invalid combination between B724_SectorEmployment (type of employment) and J10_Livelihood (most important livelihood need),"B724_SectorEmployment != ""b71_emp_1"" & J10_Livelihood == ""j10_1"" "
9e8054ca-c204-4e4d4f-bbb5b0-81b4f950d3e7,a1_4,governorate_pcode,district_pcode,Invalid combination between B724_SectorEmployment (type of employment) and J10_Livelihood (most important livelihood need),"B724_SectorEmployment != ""b71_emp_1"" & J10_Livelihood == ""j10_1"" "
09fe3a74-ec41-4f4245-818e86-e7809f45b316,a1_2,governorate_pcode,district_pcode,Invalid combinatin between A1_Metadata (type of displacement) and B2_Demographics (nationality),"A1_Metadata == ""a1_2"" | A1_Metadata == ""a1_4"" & B2_Demographics == ""yemeni"""
84fb3c16-a312-4c404d-aea4aa-a6b9c8420f51,a1_2,governorate_pcode,district_pcode,Invalid combinatin between A1_Metadata (type of displacement) and B2_Demographics (nationality),"A1_Metadata == ""a1_2"" | A1_Metadata == ""a1_4"" & B2_Demographics == ""yemeni"""
5f9d4762-67f9-424d46-b6b5b9-dea4c76fb512,a1_2,governorate_pcode,district_pcode,Invalid combinatin between A1_Metadata (type of displacement) and B2_Demographics (nationality),"A1_Metadata == ""a1_2"" | A1_Metadata == ""a1_4"" & B2_Demographics == ""yemeni"""
abe57983-1736-4d4e43-bbb2b7-ab1c0873e9d4,a1_2,governorate_pcode,district_pcode,Invalid combinatin between A1_Metadata (type of displacement) and B2_Demographics (nationality),"A1_Metadata == ""a1_2"" | A1_Metadata == ""a1_4"" & B2_Demographics == ""yemeni"""
83ac4bfd-1a3f-42484d-989a94-c5f31ba68924,a1_2,governorate_pcode,district_pcode,Invalid combinatin between A1_Metadata (type of displacement) and B2_Demographics (nationality),"A1_Metadata == ""a1_2"" | A1_Metadata == ""a1_4"" & B2_Demographics == ""yemeni"""
6c2f9038-ea7c-414f47-a8a4ae-95c0a83416b2,a1_2,governorate_pcode,district_pcode,Invalid combinatin between A1_Metadata (type of displacement) and B2_Demographics (nationality),"A1_Metadata == ""a1_2"" | A1_Metadata == ""a1_4"" & B2_Demographics == ""yemeni"""
b564298f-8c39-414b44-959491-934156bfed2a,a1_2,governorate_pcode,district_pcode,Invalid combinatin between A1_Metadata (type of displacement) and B2_Demographics (nationality),"A1_Metadata == ""a1_2"" | A1_Metadata == ""a1_4"" & B2_Demographics == ""yemeni"""
c296a817-8fa3-4d4e46-a8a3ac-6230c1de854f,a1_2,governorate_pcode,district_pcode,Invalid combinatin between A1_Metadata (type of displacement) and B2_Demographics (nationality),"A1_Metadata == ""a1_2"" | A1_Metadata == ""a1_4"" & B2_Demographics == ""yemeni"""
084d6f72-1a70-4d434c-96939f-5249c6ae1b87,a1_2,governorate_pcode,district_pcode,Invalid combinatin between A1_Metadata (type of displacement) and B2_Demographics (nationality),"A1_Metadata == ""a1_2"" | A1_Metadata == ""a1_4"" & B2_Demographics == ""yemeni"""
ed56b29c-94b0-454149-909295-26b9dfc401a7,a1_2,governorate_pcode,district_pcode,Invalid combinatin between A1_Metadata (type of displacement) and B2_Demographics (nationality),"A1_Metadata == ""a1_2"" | A1_Metadata == ""a1_4"" & B2_Demographics == ""yemeni"""
bc785a1d-a174-4b4e41-a9afac-8e7a635410bd,a1_2,governorate_pcode,district_pcode,Invalid combinatin between A1_Metadata (type of displacement) and B2_Demographics (nationality),"A1_Metadata == ""a1_2"" | A1_Metadata == ""a1_4"" & B2_Demographics == ""yemeni"""
0213695a-38c4-4a4649-959b9d-f740c31d69ae,a1_2,governorate_pcode,district_pcode,Invalid combinatin between A1_Metadata (type of displacement) and B2_Demographics (nationality),"A1_Metadata == ""a1_2"" | A1_Metadata == ""a1_4"" & B2_Demographics == ""yemeni"""
81c95d2b-6a40-4b4843-bebcbf-e3cd412a68bf,a1_2,governorate_pcode,district_pcode,Invalid combinatin between A1_Metadata (type of displacement) and B2_Demographics (nationality),"A1_Metadata == ""a1_2"" | A1_Metadata == ""a1_4"" & B2_Demographics == ""yemeni"""
649fe3cd-526d-464548-808289-c156980dfa43,a1_2,governorate_pcode,district_pcode,Invalid combinatin between A1_Metadata (type of displacement) and B2_Demographics (nationality),"A1_Metadata == ""a1_2"" | A1_Metadata == ""a1_4"" & B2_Demographics == ""yemeni"""
823b945c-e3da-4e4340-858d81-8b59e4721d6a,a1_2,governorate_pcode,district_pcode,Invalid combinatin between A1_Metadata (type of displacement) and B2_Demographics (nationality),"A1_Metadata == ""a1_2"" | A1_Metadata == ""a1_4"" & B2_Demographics == ""yemeni"""
13f82ec5-2fc7-444a4b-848a8c-47dbe3a685f0,a1_2,governorate_pcode,district_pcode,Invalid combinatin between A1_Metadata (type of displacement) and B2_Demographics (nationality),"A1_Metadata == ""a1_2"" | A1_Metadata == ""a1_4"" & B2_Demographics == ""yemeni"""
c02b83de-3a50-4c4e40-b1b8bc-fb2dc019346e,a1_2,governorate_pcode,district_pcode,Invalid combinatin between A1_Metadata (type of displacement) and B2_Demographics (nationality),"A1_Metadata == ""a1_2"" | A1_Metadata == ""a1_4"" & B2_Demographics == ""yemeni"""
ef96b2d5-be58-444640-8f8783-d097456e8bca,a1_2,governorate_pcode,district_pcode,Invalid combinatin between A1_Metadata (type of displacement) and B2_Demographics (nationality),"A1_Metadata == ""a1_2"" | A1_Metadata == ""a1_4"" & B2_Demographics == ""yemeni"""
9fdc0ab4-1be3-434544-8c8b83-01c378b45fa2,a1_2,governorate_pcode,district_pcode,Invalid combinatin between A1_Metadata (type of displacement) and B2_Demographics (nationality),"A1_Metadata == ""a1_2"" | A1_Metadata == ""a1_4"" & B2_Demographics == ""yemeni"""
9013a5be-51d4-48464c-86838d-538d7a462e91,a1_2,governorate_pcode,district_pcode,Invalid combinatin between A1_Metadata (type of displacement) and B2_Demographics (nationality),"A1_Metadata == ""a1_2"" | A1_Metadata == ""a1_4"" & B2_Demographics == ""yemeni"""
d4165ab7-2d0b-454240-bdb3bb-af76930285ed,a1_2,governorate_pcode,district_pcode,Invalid combinatin between A1_Metadata (type of displacement) and B2_Demographics (nationality),"A1_Metadata == ""a1_2"" | A1_Metadata == ""a1_4"" & B2_Demographics == ""yemeni"""
a2845b31-4ac8-42434b-8e8980-0f2185bd9a7c,a1_2,governorate_pcode,district_pcode,Invalid combinatin between A1_Metadata (type of displacement) and B2_Demographics (nationality),"A1_Metadata == ""a1_2"" | A1_Metadata == ""a1_4"" & B2_Demographics == ""yemeni"""
45ed9703-b941-464943-9e9a97-ef34a106dc28,a1_2,governorate_pcode,district_pcode,Invalid combinatin between A1_Metadata (type of displacement) and B2_Demographics (nationality),"A1_Metadata == ""a1_2"" | A1_Metadata == ""a1_4"" & B2_Demographics == ""yemeni"""
9bd21438-51c8-414248-83898f-f9a2e5386db1,a1_2,governorate_pcode,district_pcode,Invalid combinatin between A1_Metadata (type of displacement) and B2_Demographics (nationality),"A1_Metadata == ""a1_2"" | A1_Metadata == ""a1_4"" & B2_Demographics == ""yemeni"""
9540372e-812b-474c48-8d888c-73d1f2609ca5,a1_2,governorate_pcode,district_pcode,Invalid combinatin between A1_Metadata (type of displacement) and B2_Demographics (nationality),"A1_Metadata == ""a1_2"" | A1_Metadata == ""a1_4"" & B2_Demographics == ""yemeni"""
de7f614c-e174-43484c-9c9490-3b76d95cf4a1,a1_2,governorate_pcode,district_pcode,Invalid combinatin between A1_Metadata (type of displacement) and B2_Demographics (nationality),"A1_Metadata == ""a1_2"" | A1_Metadata == ""a1_4"" & B2_Demographics == ""yemeni"""
e5b78fdc-318f-464b45-a0a1a6-5860f73d9ca2,a1_2,governorate_pcode,district_pcode,Invalid combinatin between A1_Metadata (type of displacement) and B2_Demographics (nationality),"A1_Metadata == ""a1_2"" | A1_Metadata == ""a1_4"" & B2_Demographics == ""yemeni"""
d361cae7-fb50-444f45-999d9b-c4278efa6b10,a1_2,governorate_pcode,district_pcode,Invalid combinatin between A1_Metadata (type of displacement) and B2_Demographics (nationality),"A1_Metadata == ""a1_2"" | A1_Metadata == ""a1_4"" & B2_Demographics == ""yemeni"""
534ba27d-1c5b-494e44-99929a-a9105e28f74c,a1_2,governorate_pcode,district_pcode,Invalid combinatin between A1_Metadata (type of displacement) and B2_Demographics (nationality),"A1_Metadata == ""a1_2"" | A1_Metadata == ""a1_4"" & B2_Demographics == ""yemeni"""
90cb6e47-042d-494b4e-9f9e99-8a913e270654,a1_2,governorate_pcode,district_pcode,Invalid combinatin between A1_Metadata (type of displacement) and B2_Demographics (nationality),"A1_Metadata == ""a1_2"" | A1_Metadata == ""a1_4"" & B2_Demographics == ""yemeni"""
5f6c7d13-fd4c-484d41-89818c-2f64918e07ad,a1_2,governorate_pcode,district_pcode,Invalid combinatin between A1_Metadata (type of displacement) and B2_Demographics (nationality),"A1_Metadata == ""a1_2"" | A1_Metadata == ""a1_4"" & B2_Demographics == ""yemeni"""
8c51a4bf-d514-454843-878e81-74c0dfe815b6,a1_2,governorate_pcode,district_pcode,Invalid combinatin between A1_Metadata (type of displacement) and B2_Demographics (nationality),"A1_Metadata == ""a1_2"" | A1_Metadata == ""a1_4"" & B2_Demographics == ""yemeni"""
26a05d3f-2f5a-424349-979f9a-7f1d8b4c39e2,a1_2,governorate_pcode,district_pcode,Invalid combinatin between A1_Metadata (type of displacement) and B2_Demographics (nationality),"A1_Metadata == ""a1_2"" | A1_Metadata == ""a1_4"" & B2_Demographics == ""yemeni"""
7a9d63e4-7a83-40474c-bfb3b2-08e6193b7542,a1_2,governorate_pcode,district_pcode,Invalid combinatin between A1_Metadata (type of displacement) and B2_Demographics (nationality),"A1_Metadata == ""a1_2"" | A1_Metadata == ""a1_4"" & B2_Demographics == ""yemeni"""
a2194cde-0cb6-444f40-9f9293-651be098d237,a1_2,governorate_pcode,district_pcode,Invalid combinatin between A1_Metadata (type of displacement) and B2_Demographics (nationality),"A1_Metadata == ""a1_2"" | A1_Metadata == ""a1_4"" & B2_Demographics == ""yemeni"""
d36c29a8-0517-4b494a-939691-81250cd93efb,a1_2,governorate_pcode,district_pcode,Invalid combinatin between A1_Metadata (type of displacement) and B2_Demographics (nationality),"A1_Metadata == ""a1_2"" | A1_Metadata == ""a1_4"" & B2_Demographics == ""yemeni"""
b7a6cdf3-c9d0-4c4749-a0a7a2-5edf3017a94c,a1_2,governorate_pcode,district_pcode,Invalid combinatin between A1_Metadata (type of displacement) and B2_Demographics (nationality),"A1_Metadata == ""a1_2"" | A1_Metadata == ""a1_4"" & B2_Demographics == ""yemeni"""
b1e973f6-104e-4b4f47-858180-4e3da9b18260,a1_2,governorate_pcode,district_pcode,Invalid combinatin between A1_Metadata (type of displacement) and B2_Demographics (nationality),"A1_Metadata == ""a1_2"" | A1_Metadata == ""a1_4"" & B2_Demographics == ""yemeni"""
c9d70fb4-7b4a-434048-b7b4b0-4ef2acd97513,a1_2,governorate_pcode,district_pcode,Invalid combinatin between A1_Metadata (type of displacement) and B2_Demographics (nationality),"A1_Metadata == ""a1_2"" | A1_Metadata == ""a1_4"" & B2_Demographics == ""yemeni"""
ec3b9627-40f5-4c4541-8b8486-2c87b3da6f45,a1_2,governorate_pcode,district_pcode,Invalid combinatin between A1_Metadata (type of displacement) and B2_Demographics (nationality),"A1_Metadata == ""a1_2"" | A1_Metadata == ""a1_4"" & B2_Demographics == ""yemeni"""
0c13bd67-5d9e-464542-9b919f-716a395fdc40,a1_2,governorate_pcode,district_pcode,Invalid combinatin between A1_Metadata (type of displacement) and B2_Demographics (nationality),"A1_Metadata == ""a1_2"" | A1_Metadata == ""a1_4"" & B2_Demographics == ""yemeni"""
98e76b54-becd-464044-a8a3ad-60a53c947def,a1_2,governorate_pcode,district_pcode,Invalid combinatin between A1_Metadata (type of displacement) and B2_Demographics (nationality),"A1_Metadata == ""a1_2"" | A1_Metadata == ""a1_4"" & B2_Demographics == ""yemeni"""
be160284-5406-4d404b-aea6a5-643cdaf8971e,a1_2,governorate_pcode,district_pcode,Invalid combinatin between A1_Metadata (type of displacement) and B2_Demographics (nationality),"A1_Metadata == ""a1_2"" | A1_Metadata == ""a1_4"" & B2_Demographics == ""yemeni"""
68ba7e4f-6c1f-444f45-a5aba4-ab7c9f5d1640,a1_2,governorate_pcode,district_pcode,Invalid combinatin between A1_Metadata (type of displacement) and B2_Demographics (nationality),"A1_Metadata == ""a1_2"" | A1_Metadata == ""a1_4"" & B2_Demographics == ""yemeni"""
8496b1c3-19e8-474249-bfb5bd-7f0cb4e319d5,a1_2,governorate_pcode,district_pcode,Invalid combinatin between A1_Metadata (type of displacement) and B2_Demographics (nationality),"A1_Metadata == ""a1_2"" | A1_Metadata == ""a1_4"" & B2_Demographics == ""yemeni"""
421b3e50-ec04-4e454c-909c96-d3b9e076a584,a1_2,governorate_pcode,district_pcode,Invalid combinatin between A1_Metadata (type of displacement) and B2_Demographics (nationality),"A1_Metadata == ""a1_2"" | A1_Metadata == ""a1_4"" & B2_Demographics == ""yemeni"""
640d372a-e5ba-43444f-969591-8ba42def519c,a1_2,governorate_pcode,district_pcode,Invalid combinatin between A1_Metadata (type of displacement) and B2_Demographics (nationality),"A1_Metadata == ""a1_2"" | A1_Metadata == ""a1_4"" & B2_Demographics == ""yemeni"""
10243865-0ab5-404e45-8f8b88-5d328cf6e71a,a1_2,governorate_pcode,district_pcode,Invalid combinatin between A1_Metadata (type of displacement) and B2_Demographics (nationality),"A1_Metadata == ""a1_2"" | A1_Metadata == ""a1_4"" & B2_Demographics == ""yemeni"""
6ef9ac7b-21cb-46434c-9a9d9c-4d03c1e7f9b6,a1_2,governorate_pcode,district_pcode,Invalid combinatin between A1_Metadata (type of displacement) and B2_Demographics (nationality),"A1_Metadata == ""a1_2"" | A1_Metadata == ""a1_4"" & B2_Demographics == ""yemeni"""
d1f0a9bc-9437-454e4b-b0b5b7-64d198f7acb3,a1_2,governorate_pcode,district_pcode,Invalid combinatin between A1_Metadata (type of displacement) and B2_Demographics (nationality),"A1_Metadata == ""a1_2"" | A1_Metadata == ""a1_4"" & B2_Demographics == ""yemeni"""
c24970b5-2fc7-4f4e45-989e95-d86b943eaf1c,a1_2,governorate_pcode,district_pcode,Invalid combinatin between A1_Metadata (type of displacement) and B2_Demographics (nationality),"A1_Metadata == ""a1_2"" | A1_Metadata == ""a1_4"" & B2_Demographics == ""yemeni"""
9e761f43-52a6-4c4443-9f9997-da4e79c6f8b3,a1_2,governorate_pcode,district_pcode,Invalid combinatin between A1_Metadata (type of displacement) and B2_Demographics (nationality),"A1_Metadata == ""a1_2"" | A1_Metadata == ""a1_4"" & B2_Demographics == ""yemeni"""
4580c3a2-86ad-454041-a1a2a7-12083a59bfe6,a1_2,governorate_pcode,district_pcode,Invalid combinatin between A1_Metadata (type of displacement) and B2_Demographics (nationality),"A1_Metadata == ""a1_2"" | A1_Metadata == ""a1_4"" & B2_Demographics == ""yemeni"""
e39d2c14-3a07-454146-b2bcb5-6cf593e27ab0,a1_2,governorate_pcode,district_pcode,Invalid combinatin between A1_Metadata (type of displacement) and B2_Demographics (nationality),"A1_Metadata == ""a1_2"" | A1_Metadata == ""a1_4"" & B2_Demographics == ""yemeni"""
1754fa92-6b7a-424146-82808c-8eb40c723a65,a1_2,governorate_pcode,district_pcode,Invalid combinatin between A1_Metadata (type of displacement) and B2_Demographics (nationality),"A1_Metadata == ""a1_2"" | A1_Metadata == ""a1_4"" & B2_Demographics == ""yemeni"""
2fecb954-6801-44484d-80858a-90a7d153b264,a1_2,governorate_pcode,district_pcode,Invalid combinatin between A1_Metadata (type of displacement) and B2_Demographics (nationality),"A1_Metadata == ""a1_2"" | A1_Metadata == ""a1_4"" & B2_Demographics == ""yemeni"""
abfd8e01-b93d-424447-97909b-8c4759eadb20,a1_2,governorate_pcode,district_pcode,Invalid combinatin between A1_Metadata (type of displacement) and B2_Demographics (nationality),"A1_Metadata == ""a1_2"" | A1_Metadata == ""a1_4"" & B2_Demographics == ""yemeni"""
712f4689-36c9-4f424d-babdbf-fd9382b5ae74,a1_2,governorate_pcode,district_pcode,Invalid combinatin between A1_Metadata (type of displacement) and B2_Demographics (nationality),"A1_Metadata == ""a1_2"" | A1_Metadata == ""a1_4"" & B2_Demographics == ""yemeni"""
830dce7f-31d7-4e4b46-a5aca6-d4726ba3f518,a1_2,governorate_pcode,district_pcode,Invalid combinatin between A1_Metadata (type of displacement) and B2_Demographics (nationality),"A1_Metadata == ""a1_2"" | A1_Metadata == ""a1_4"" & B2_Demographics == ""yemeni"""
af50d4cb-fc8b-434047-8b8981-c84901a3f6e5,a1_2,governorate_pcode,district_pcode,Invalid combinatin between A1_Metadata (type of displacement) and B2_Demographics (nationality),"A1_Metadata == ""a1_2"" | A1_Metadata == ""a1_4"" & B2_Demographics == ""yemeni"""
d3c4b219-d2e0-494047-9b9197-a25790e46b83,a1_2,governorate_pcode,district_pcode,Invalid combinatin between A1_Metadata (type of displacement) and B2_Demographics (nationality),"A1_Metadata == ""a1_2"" | A1_Metadata == ""a1_4"" & B2_Demographics == ""yemeni"""
03dcb541-59b8-4f4a4b-8e808c-2c9f0143d58a,a1_2,governorate_pcode,district_pcode,Invalid combinatin between A1_Metadata (type of displacement) and B2_Demographics (nationality),"A1_Metadata == ""a1_2"" | A1_Metadata == ""a1_4"" & B2_Demographics == ""yemeni"""
54c39eb2-7bc6-4e444f-9b9d92-58bc1a20f96e,a1_2,governorate_pcode,district_pcode,Invalid combinatin between A1_Metadata (type of displacement) and B2_Demographics (nationality),"A1_Metadata == ""a1_2"" | A1_Metadata == ""a1_4"" & B2_Demographics == ""yemeni"""
9eac53b2-95a1-40494a-b4bbba-189e6db7305c,a1_2,governorate_pcode,district_pcode,Invalid combinatin between A1_Metadata (type of displacement) and B2_Demographics (nationality),"A1_Metadata == ""a1_2"" | A1_Metadata == ""a1_4"" & B2_Demographics == ""yemeni"""
c9e5fa84-d387-434640-a9a3a5-c7f0eda89265,a1_2,governorate_pcode,district_pcode,Invalid combinatin between A1_Metadata (type of displacement) and B2_Demographics (nationality),"A1_Metadata == ""a1_2"" | A1_Metadata == ""a1_4"" & B2_Demographics == ""yemeni"""
472edafb-5f36-43454f-beb2bd-0bd2385cfa91,a1_2,governorate_pcode,district_pcode,Invalid combinatin between A1_Metadata (type of displacement) and B2_Demographics (nationality),"A1_Metadata == ""a1_2"" | A1_Metadata == ""a1_4"" & B2_Demographics == ""yemeni"""
9fd76083-0284-4a4549-8a8b80-109e4a52fd6c,a1_2,governorate_pcode,district_pcode,Invalid combinatin between A1_Metadata (type of displacement) and B2_Demographics (nationality),"A1_Metadata == ""a1_2"" | A1_Metadata == ""a1_4"" & B2_Demographics == ""yemeni"""
70db2e93-fce6-4d4044-909e9f-463db81fc792,a1_2,governorate_pcode,district_pcode,Invalid combinatin between A1_Metadata (type of displacement) and B2_Demographics (nationality),"A1_Metadata == ""a1_2"" | A1_Metadata == ""a1_4"" & B2_Demographics == ""yemeni"""
2b8fd3c4-03f5-454b48-929d95-ae8cb95fd724,a1_2,governorate_pcode,district_pcode,Invalid combinatin between A1_Metadata (type of displacement) and B2_Demographics (nationality),"A1_Metadata == ""a1_2"" | A1_Metadata == ""a1_4"" & B2_Demographics == ""yemeni"""
e9ca8546-c8bd-4e4b48-aca8a1-f14c638b57d9,a1_2,governorate_pcode,district_pcode,Invalid combinatin between A1_Metadata (type of displacement) and B2_Demographics (nationality),"A1_Metadata == ""a1_2"" | A1_Metadata == ""a1_4"" & B2_Demographics == ""yemeni"""
c96d381f-d138-43484c-929193-e3c274906bd8,a1_2,governorate_pcode,district_pcode,Invalid combinatin between A1_Metadata (type of displacement) and B2_Demographics (nationality),"A1_Metadata == ""a1_2"" | A1_Metadata == ""a1_4"" & B2_Demographics == ""yemeni"""
6d07f218-fb70-48474b-939698-5f16bc3a8072,a1_2,governorate_pcode,district_pcode,Invalid combinatin between A1_Metadata (type of displacement) and B2_Demographics (nationality),"A1_Metadata == ""a1_2"" | A1_Metadata == ""a1_4"" & B2_Demographics == ""yemeni"""
a1f68729-b368-474b4c-858689-ad3f260bc495,a1_2,governorate_pcode,district_pcode,Invalid combinatin between A1_Metadata (type of displacement) and B2_Demographics (nationality),"A1_Metadata == ""a1_2"" | A1_Metadata == ""a1_4"" & B2_Demographics == ""yemeni"""
83ac4bfd-1a3f-42484d-989a94-c5f31ba68924,a1_2,governorate_pcode,district_pcode,Invalid combination E5_ShelterNFICCCM (shelter with no damage) and E1d_ShelterNFICCCM (Shelter fully destroyed),"E5_ShelterNFICCCM == ""e5_3"" & E1d_ShelterNFICCCM == ""e1d_1"""
4082a561-d210-434244-999b9c-7c06d4f58a3b,a1_1,governorate_pcode,district_pcode,Invalid combination E5_ShelterNFICCCM (shelter with no damage) and E1d_ShelterNFICCCM (Shelter fully destroyed),"E5_ShelterNFICCCM == ""e5_3"" & E1d_ShelterNFICCCM == ""e1d_1"""
9fdc0ab4-1be3-434544-8c8b83-01c378b45fa2,a1_2,governorate_pcode,district_pcode,Invalid combination E5_ShelterNFICCCM (shelter with no damage) and E1d_ShelterNFICCCM (Shelter fully destroyed),"E5_ShelterNFICCCM == ""e5_3"" & E1d_ShelterNFICCCM == ""e1d_1"""
01f64ac2-21ec-4b444e-abafad-c40d61b3f928,a1_3,governorate_pcode,district_pcode,Invalid combination E5_ShelterNFICCCM (shelter with no damage) and E1d_ShelterNFICCCM (Shelter fully destroyed),"E5_ShelterNFICCCM == ""e5_3"" & E1d_ShelterNFICCCM == ""e1d_1"""
f457329b-761c-4c4041-9b9398-17f69ced4503,a1_3,governorate_pcode,district_pcode,Invalid combination E5_ShelterNFICCCM (shelter with no damage) and E1d_ShelterNFICCCM (Shelter fully destroyed),"E5_ShelterNFICCCM == ""e5_3"" & E1d_ShelterNFICCCM == ""e1d_1"""
af934856-ceb5-434542-bfb2b8-5260a349fbd8,a1_1,governorate_pcode,district_pcode,Invalid combination E5_ShelterNFICCCM (shelter with no damage) and E1d_ShelterNFICCCM (Shelter fully destroyed),"E5_ShelterNFICCCM == ""e5_3"" & E1d_ShelterNFICCCM == ""e1d_1"""
dc6a074e-a2f8-414647-979593-ae9d1f5628cb,a1_4,governorate_pcode,district_pcode,Invalid combination E5_ShelterNFICCCM (shelter with no damage) and E1d_ShelterNFICCCM (Shelter fully destroyed),"E5_ShelterNFICCCM == ""e5_3"" & E1d_ShelterNFICCCM == ""e1d_1"""
a3e59670-4fbc-4a4b45-b1bfba-8607d9ea135f,a1_4,governorate_pcode,district_pcode,Invalid combination E5_ShelterNFICCCM (shelter with no damage) and E1d_ShelterNFICCCM (Shelter fully destroyed),"E5_ShelterNFICCCM == ""e5_3"" & E1d_ShelterNFICCCM == ""e1d_1"""
0f4975dc-c4f6-4d434a-a0a7a4-c581d4a7290e,a1_5,governorate_pcode,district_pcode,Invalid combination E5_ShelterNFICCCM (shelter with no damage) and E1d_ShelterNFICCCM (Shelter fully destroyed),"E5_ShelterNFICCCM == ""e5_3"" & E1d_ShelterNFICCCM == ""e1d_1"""
5e93c8ab-9c23-404b4f-82898d-35042c87a61f,a1_1,governorate_pcode,district_pcode,Invalid combination E5_ShelterNFICCCM (shelter with no damage) and E1d_ShelterNFICCCM (Shelter fully destroyed),"E5_ShelterNFICCCM == ""e5_3"" & E1d_ShelterNFICCCM == ""e1d_1"""
f9d5c41b-c7f0-484e40-9c909a-0a3e68db27c9,a1_5,governorate_pcode,district_pcode,Invalid combination E5_ShelterNFICCCM (shelter with no damage) and E1d_ShelterNFICCCM (Shelter fully destroyed),"E5_ShelterNFICCCM == ""e5_3"" & E1d_ShelterNFICCCM == ""e1d_1"""
dfb6c780-f279-4b404f-b1bcbb-42af0c7d9381,a1_5,governorate_pcode,district_pcode,Invalid combination E5_ShelterNFICCCM (shelter with no damage) and E1d_ShelterNFICCCM (Shelter fully destroyed),"E5_ShelterNFICCCM == ""e5_3"" & E1d_ShelterNFICCCM == ""e1d_1"""
bc785a1d-a174-4b4e41-a9afac-8e7a635410bd,a1_2,governorate_pcode,district_pcode,Invalid combination E5_ShelterNFICCCM (shelter with no damage) and E1d_ShelterNFICCCM (Shelter partially damaged),"E5_ShelterNFICCCM == ""e5_3"" & E1d_ShelterNFICCCM == ""e1d_2"""
895304b7-c725-4c484a-b7b1bb-8e3ac729db10,a1_5,governorate_pcode,district_pcode,Invalid combination E5_ShelterNFICCCM (shelter with no damage) and E1d_ShelterNFICCCM (Shelter partially damaged),"E5_ShelterNFICCCM == ""e5_3"" & E1d_ShelterNFICCCM == ""e1d_2"""
fb4920ca-3f02-4b434d-8d8386-ce9b0816fd34,a1_4,governorate_pcode,district_pcode,Invalid combination E5_ShelterNFICCCM (shelter with no damage) and E1d_ShelterNFICCCM (Shelter partially damaged),"E5_ShelterNFICCCM == ""e5_3"" & E1d_ShelterNFICCCM == ""e1d_2"""
45ed9703-b941-464943-9e9a97-ef34a106dc28,a1_2,governorate_pcode,district_pcode,Invalid combination E5_ShelterNFICCCM (shelter with no damage) and E1d_ShelterNFICCCM (Shelter partially damaged),"E5_ShelterNFICCCM == ""e5_3"" & E1d_ShelterNFICCCM == ""e1d_2"""
de7f614c-e174-43484c-9c9490-3b76d95cf4a1,a1_2,governorate_pcode,district_pcode,Invalid combination E5_ShelterNFICCCM (shelter with no damage) and E1d_ShelterNFICCCM (Shelter partially damaged),"E5_ShelterNFICCCM == ""e5_3"" & E1d_ShelterNFICCCM == ""e1d_2"""
c36928df-5497-484341-9f9490-7fb18e56a234,a1_4,governorate_pcode,district_pcode,Invalid combination E5_ShelterNFICCCM (shelter with no damage) and E1d_ShelterNFICCCM (Shelter partially damaged),"E5_ShelterNFICCCM == ""e5_3"" & E1d_ShelterNFICCCM == ""e1d_2"""
d361cae7-fb50-444f45-999d9b-c4278efa6b10,a1_2,governorate_pcode,district_pcode,Invalid combination E5_ShelterNFICCCM (shelter with no damage) and E1d_ShelterNFICCCM (Shelter partially damaged),"E5_ShelterNFICCCM == ""e5_3"" & E1d_ShelterNFICCCM == ""e1d_2"""
3ec9f4b2-c62e-4a4043-b6b8b2-a536e1789dbc,a1_3,governorate_pcode,district_pcode,Invalid combination E5_ShelterNFICCCM (shelter with no damage) and E1d_ShelterNFICCCM (Shelter partially damaged),"E5_ShelterNFICCCM == ""e5_3"" & E1d_ShelterNFICCCM == ""e1d_2"""
1c4728fa-a1b8-4f404e-bbb5bf-e14b8c36a205,a1_4,governorate_pcode,district_pcode,Invalid combination E5_ShelterNFICCCM (shelter with no damage) and E1d_ShelterNFICCCM (Shelter partially damaged),"E5_ShelterNFICCCM == ""e5_3"" & E1d_ShelterNFICCCM == ""e1d_2"""
c6103fa2-d839-4a454e-8f8683-62b3a5fe7981,a1_5,governorate_pcode,district_pcode,Invalid combination E5_ShelterNFICCCM (shelter with no damage) and E1d_ShelterNFICCCM (Shelter partially damaged),"E5_ShelterNFICCCM == ""e5_3"" & E1d_ShelterNFICCCM == ""e1d_2"""
f1d48659-d324-474849-8f8988-ec82735146a9,a1_4,governorate_pcode,district_pcode,Invalid combination E5_ShelterNFICCCM (shelter with no damage) and E1d_ShelterNFICCCM (Shelter partially damaged),"E5_ShelterNFICCCM == ""e5_3"" & E1d_ShelterNFICCCM == ""e1d_2"""
caf4b3d2-12a8-484a40-92909d-ec1d8a74f56b,a1_1,governorate_pcode,district_pcode,Invalid combination E5_ShelterNFICCCM (shelter with no damage) and E1d_ShelterNFICCCM (Shelter partially damaged),"E5_ShelterNFICCCM == ""e5_3"" & E1d_ShelterNFICCCM == ""e1d_2"""
37e82f9c-59a8-4a404c-b9bfbe-0c6413ba97d5,a1_3,governorate_pcode,district_pcode,Invalid combination E5_ShelterNFICCCM (shelter with no damage) and E1d_ShelterNFICCCM (Shelter partially damaged),"E5_ShelterNFICCCM == ""e5_3"" & E1d_ShelterNFICCCM == ""e1d_2"""
68259adb-829e-434441-939192-f0724bec6d35,a1_1,governorate_pcode,district_pcode,Invalid combination E5_ShelterNFICCCM (shelter with no damage) and E1d_ShelterNFICCCM (Shelter partially damaged),"E5_ShelterNFICCCM == ""e5_3"" & E1d_ShelterNFICCCM == ""e1d_2"""
57de8603-6c1e-464442-88878c-a2f1598d074c,a1_4,governorate_pcode,district_pcode,Invalid combination E5_ShelterNFICCCM (shelter with no damage) and E1d_ShelterNFICCCM (Shelter partially damaged),"E5_ShelterNFICCCM == ""e5_3"" & E1d_ShelterNFICCCM == ""e1d_2"""
2e1d6bcf-7aed-464b48-b6b1b5-451ad6c02e7b,a1_5,governorate_pcode,district_pcode,Invalid combination E5_ShelterNFICCCM (shelter with no damage) and E1d_ShelterNFICCCM (Shelter partially damaged),"E5_ShelterNFICCCM == ""e5_3"" & E1d_ShelterNFICCCM == ""e1d_2"""
358a2fc9-fd8c-434842-b1bdb6-e562a3c190d7,a1_4,governorate_pcode,district_pcode,Invalid combination E5_ShelterNFICCCM (shelter with no damage) and E1d_ShelterNFICCCM (Shelter partially damaged),"E5_ShelterNFICCCM == ""e5_3"" & E1d_ShelterNFICCCM == ""e1d_2"""
d5ac0b86-f034-4d4647-a0a5a8-8ba960e13c4f,a1_5,governorate_pcode,district_pcode,Invalid combination E5_ShelterNFICCCM (shelter with no damage) and E1d_ShelterNFICCCM (Shelter partially damaged),"E5_ShelterNFICCCM == ""e5_3"" & E1d_ShelterNFICCCM == ""e1d_2"""
4360e187-a8ed-4e414d-a2a7a9-271efc45389a,a1_3,governorate_pcode,district_pcode,Invalid combination E5_ShelterNFICCCM (shelter with no damage) and E1d_ShelterNFICCCM (Shelter partially damaged),"E5_ShelterNFICCCM == ""e5_3"" & E1d_ShelterNFICCCM == ""e1d_2"""
e594acb7-d690-494741-b8bcb7-0f3924e58abc,a1_4,governorate_pcode,district_pcode,Invalid combination E5_ShelterNFICCCM (shelter with no damage) and E1d_ShelterNFICCCM (Shelter minor damage),"E5_ShelterNFICCCM == ""e5_3"" & E1d_ShelterNFICCCM == ""e1d_3"""
41c0a285-ad76-454a4f-aaafab-307981aed24c,a1_4,governorate_pcode,district_pcode,Invalid combination E5_ShelterNFICCCM (shelter with no damage) and E1d_ShelterNFICCCM (Shelter minor damage),"E5_ShelterNFICCCM == ""e5_3"" & E1d_ShelterNFICCCM == ""e1d_3"""
f3ce79b8-d4fc-47484e-adaca4-cb26ad138e0f,a1_4,governorate_pcode,district_pcode,Invalid combination E5_ShelterNFICCCM (shelter with no damage) and E1d_ShelterNFICCCM (Shelter minor damage),"E5_ShelterNFICCCM == ""e5_3"" & E1d_ShelterNFICCCM == ""e1d_3"""
0a1c2e4f-d816-484b41-b8b7b0-a14ed06fc78b,a1_4,governorate_pcode,district_pcode,Invalid combination E5_ShelterNFICCCM (shelter with no damage) and E1d_ShelterNFICCCM (Shelter minor damage),"E5_ShelterNFICCCM == ""e5_3"" & E1d_ShelterNFICCCM == ""e1d_3"""
d4165ab7-2d0b-454240-bdb3bb-af76930285ed,a1_2,governorate_pcode,district_pcode,Invalid combination E5_ShelterNFICCCM (shelter with no damage) and E1d_ShelterNFICCCM (Shelter minor damage),"E5_ShelterNFICCCM == ""e5_3"" & E1d_ShelterNFICCCM == ""e1d_3"""
46c19db3-cd76-444249-868b8d-906bf578a421,a1_5,governorate_pcode,district_pcode,Invalid combination E5_ShelterNFICCCM (shelter with no damage) and E1d_ShelterNFICCCM (Shelter minor damage),"E5_ShelterNFICCCM == ""e5_3"" & E1d_ShelterNFICCCM == ""e1d_3"""
518092c4-30c8-454f43-969d9f-af2d9c057843,a1_3,governorate_pcode,district_pcode,Invalid combination E5_ShelterNFICCCM (shelter with no damage) and E1d_ShelterNFICCCM (Shelter minor damage),"E5_ShelterNFICCCM == ""e5_3"" & E1d_ShelterNFICCCM == ""e1d_3"""
01e7a4c3-f90d-444f42-a6a8ab-2c1af95b7804,a1_3,governorate_pcode,district_pcode,Invalid combination E5_ShelterNFICCCM (shelter with no damage) and E1d_ShelterNFICCCM (Shelter minor damage),"E5_ShelterNFICCCM == ""e5_3"" & E1d_ShelterNFICCCM == ""e1d_3"""
6c1bfa93-c4d3-4a464d-828980-4fd3a587961b,a1_4,governorate_pcode,district_pcode,Invalid combination E5_ShelterNFICCCM (shelter with no damage) and E1d_ShelterNFICCCM (Shelter minor damage),"E5_ShelterNFICCCM == ""e5_3"" & E1d_ShelterNFICCCM == ""e1d_3"""
0d267e98-bf91-4e4946-939f94-4b86a039e1c7,a1_4,governorate_pcode,district_pcode,Invalid combination E5_ShelterNFICCCM (shelter with no damage) and E1d_ShelterNFICCCM (Shelter minor damage),"E5_ShelterNFICCCM == ""e5_3"" & E1d_ShelterNFICCCM == ""e1d_3"""
69feca2b-d98a-434047-aaa6ad-a37b85e01fd4,a1_1,governorate_pcode,district_pcode,Invalid combination E5_ShelterNFICCCM (shelter with no damage) and E1d_ShelterNFICCCM (Shelter minor damage),"E5_ShelterNFICCCM == ""e5_3"" & E1d_ShelterNFICCCM == ""e1d_3"""
98c2706f-6854-434748-818680-195ce8fb74a3,a1_3,governorate_pcode,district_pcode,Invalid combination E5_ShelterNFICCCM (shelter with no damage) and E1d_ShelterNFICCCM (Shelter minor damage),"E5_ShelterNFICCCM == ""e5_3"" & E1d_ShelterNFICCCM == ""e1d_3"""
d520c843-8a26-4b474a-aaada3-d78e1cb40a93,a1_1,governorate_pcode,district_pcode,Invalid combination E5_ShelterNFICCCM (shelter with no damage) and E1d_ShelterNFICCCM (Shelter minor damage),"E5_ShelterNFICCCM == ""e5_3"" & E1d_ShelterNFICCCM == ""e1d_3"""
bc478ed2-21da-424c4d-aea3a4-e0bf64c2d985,a1_3,governorate_pcode,district_pcode,Invalid combination E5_ShelterNFICCCM (shelter with no damage) and E1d_ShelterNFICCCM (Shelter minor damage),"E5_ShelterNFICCCM == ""e5_3"" & E1d_ShelterNFICCCM == ""e1d_3"""
6459bd07-d421-42494b-b4b2bf-4f975d8c023b,a1_4,governorate_pcode,district_pcode,Invalid combination E5_ShelterNFICCCM (shelter with no damage) and E1d_ShelterNFICCCM (Shelter minor damage),"E5_ShelterNFICCCM == ""e5_3"" & E1d_ShelterNFICCCM == ""e1d_3"""
9c5f3761-5682-46474c-848d88-34f97a610c82,a1_1,governorate_pcode,district_pcode,Invalid combination E5_ShelterNFICCCM (shelter with no damage) and E1d_ShelterNFICCCM (Shelter minor damage),"E5_ShelterNFICCCM == ""e5_3"" & E1d_ShelterNFICCCM == ""e1d_3"""
